address,price,floor,area,year_built,rooms,elevator,parking,warehouse,district_code,price_per_sqm,building_age,area_x_rooms,elevator_high_floor,area_level_num,area_bin_num
فرمانیه,50000000000,3,175,1403,3,1,1,1,172,285714285.7,1,525,0,3,4
پونک,16000000000,5,110,1403,2,1,1,1,217,145454545.5,1,220,1,2,3
پلیس,11000000000,4,110,1393,3,1,1,1,216,100000000.0,11,330,1,2,3
سازمان آب,9520000000,6,92,1395,2,1,1,1,108,103478260.9,9,184,1,2,2
شهرک راه‌آهن,29750000000,3,185,1403,3,1,1,1,142,160810810.8,1,555,0,3,4
سازمان آب,15100000000,3,130,1389,3,1,1,1,108,116153846.2,15,390,0,2,3
پونک,7150000000,3,66,1391,2,1,1,1,217,108333333.3,13,132,0,2,2
پونک,7300000000,1,66,1390,2,0,1,1,217,110606060.6,14,132,0,2,2
پونک,7390000000,1,72,1386,2,0,1,1,217,102638888.9,18,144,0,2,2
شریف,13800000000,20,172,1402,3,1,1,1,131,80232558.14,2,516,1,2,4
جیحون,7750000000,7,90,1395,2,1,1,1,61,86111111.11,9,180,1,2,2
جنت‌آباد شمالی,7700000000,4,100,1387,2,0,1,1,56,77000000.0,17,200,0,2,2
نیلوفر,15000000000,1,115,1385,2,1,1,1,202,130434782.6,19,230,0,2,3
سعادت‌آباد,22000000000,2,133,1388,3,1,1,1,114,165413533.8,16,399,0,3,3
خواجه نظام الملک,3550000000,5,43,1388,1,1,1,1,82,82558139.53,16,43,1,2,1
باغ فیض,16500000000,1,115,1403,2,1,1,1,35,143478260.9,1,230,0,2,3
مرزداران,8900000000,3,58,1388,1,1,1,1,185,153448275.9,16,58,0,3,2
دریاچه شهدای خلیج فارس,16000000000,17,160,1402,3,1,1,1,93,100000000.0,2,480,1,2,4
سیدخندان,22270000000,1,131,1403,3,1,1,1,123,170000000.0,1,393,0,3,3
قیطریه,21000000000,4,115,1398,3,1,1,1,177,182608695.7,6,345,1,3,3
نیاوران,32000000000,8,180,1403,3,0,1,1,200,177777777.8,1,540,0,3,4
شهران شمالی,7000000000,2,68,1395,2,1,1,1,137,102941176.5,9,136,0,2,2
الهیه,4850000000,0,40,1380,1,0,1,1,20,121250000.0,24,40,0,2,1
ستارخان,15000000000,4,97,1403,2,1,1,1,111,154639175.3,1,194,1,3,2
پونک,16000000000,3,110,1386,2,1,1,1,217,145454545.5,18,220,0,2,3
سعادت‌آباد,22000000000,2,124,1388,2,1,1,1,114,177419354.8,16,248,0,3,3
حکمت,15000000000,3,100,1380,3,1,1,1,65,150000000.0,24,300,0,3,2
مرزداران,37770000000,5,205,1403,3,1,1,1,185,184243902.4,1,615,1,3,5
سعادت‌آباد,44000000000,5,200,1388,3,1,1,1,114,220000000.0,16,600,1,3,4
شهر‌زیبا,10700000000,3,102,1392,3,1,1,1,154,104901960.8,12,306,0,2,3
پونک,24600000000,5,125,1403,2,1,1,1,217,196800000.0,1,250,1,3,3
لویزان,8100000000,1,80,1380,2,0,1,1,179,101250000.0,24,160,0,2,2
پونک,13500000000,1,105,1400,2,1,1,1,217,128571428.6,4,210,0,2,3
مرزداران,21000000000,1,145,1397,3,1,1,1,185,144827586.2,7,435,0,2,3
ستارخان,10850000000,5,92,1390,2,1,1,1,111,117934782.6,14,184,1,2,2
دروس,27000000000,5,151,1386,3,1,1,1,90,178807947.0,18,453,1,3,4
پاتریس لومومبا,15000000000,3,94,1403,2,1,1,1,212,159574468.1,1,188,0,3,2
جیحون,4500000000,1,62,1384,2,0,1,1,61,72580645.16,20,124,0,2,2
میرداماد,30000000000,3,181,1393,3,1,1,1,192,165745856.4,11,543,0,3,4
قیطریه,7850000000,2,82,1385,2,0,1,1,177,95731707.32,19,164,0,2,2
وردآورد,4950000000,1,58,1395,2,1,1,1,209,85344827.59,9,116,0,2,2
سعادت‌آباد,52800000000,2,220,1400,3,1,1,1,114,240000000.0,4,660,0,3,5
جنت‌آباد جنوبی,17200000000,5,123,1395,3,1,1,1,55,139837398.4,9,369,1,2,3
تهرانپارس شرقی,4850000000,0,61,1380,1,0,1,0,45,79508196.72,24,61,0,2,2
هوانیروز,12500000000,9,138,1394,3,1,1,1,207,90579710.14,10,414,1,2,3
ارم,6950000000,1,50,1395,1,1,1,1,12,139000000.0,9,50,0,2,1
خ صیرفی پور,6480000000,0,90,1380,2,0,1,0,72,72000000.0,24,180,0,2,2
سازمان برنامه,21300000000,3,140,1399,3,1,1,1,109,152142857.1,5,420,0,3,3
دریا,31900000000,4,130,1403,3,1,1,1,92,245384615.4,1,390,1,3,3
شاهین,13200000000,1,125,1398,3,1,1,1,129,105600000.0,6,375,0,2,3
جنت‌آباد مرکزی,10200000000,3,85,1394,2,1,1,1,57,120000000.0,10,170,0,2,2
سلسبیل,5200000000,2,64,1383,2,0,1,1,117,81250000.0,21,128,0,2,2
امامت,5000000000,4,59,1382,1,1,1,1,21,84745762.71,22,59,1,2,2
جنت‌آباد جنوبی,6800000000,1,58,1383,1,0,1,1,55,117241379.3,21,58,0,2,2
تجریش,6000000000,7,56,1403,1,1,1,1,43,107142857.1,1,56,1,2,2
افسریه,5500000000,2,67,1403,2,1,1,1,17,82089552.24,1,134,0,2,2
شهران شمالی,12700000000,4,115,1396,2,1,1,1,137,110434782.6,8,230,1,2,3
هروی,10300000000,1,74,1385,2,1,1,1,204,139189189.2,19,148,0,2,2
پونک,26000000000,3,145,1403,3,1,1,1,217,179310344.8,1,435,0,3,3
مرزداران,8500000000,1,63,1380,1,0,1,1,185,134920634.9,24,63,0,2,2
ایران,30000000000,5,201,1400,3,1,1,1,30,149253731.3,4,603,1,2,5
شهران جنوبی,5500000000,12,57,1385,1,1,1,1,136,96491228.07,19,57,1,2,2
جیحون,4997000000,4,60,1385,1,0,1,1,61,83283333.33,19,60,0,2,2
کوی فردوس,24000000000,5,145,1399,3,1,1,1,229,165517241.4,5,435,1,3,3
شمس‌آباد,7300000000,5,55,1396,1,1,1,1,132,132727272.7,8,55,1,2,2
قیطریه,29500000000,2,100,1403,2,1,1,1,177,295000000.0,1,200,0,3,2
سازمان برنامه,17500000000,3,138,1390,3,1,1,1,109,126811594.2,14,414,0,2,3
پیروزی,14375000000,3,115,1403,2,1,1,1,218,125000000.0,1,230,0,2,3
دروس,32000000000,2,180,1385,3,1,1,1,90,177777777.8,19,540,0,3,4
شاهد,15500000000,5,124,1400,3,1,1,1,128,125000000.0,4,372,1,2,3
دریا,12900000000,7,73,1387,2,1,1,1,92,176712328.8,17,146,1,3,2
نیاوران,45000000000,6,160,1398,3,1,1,1,200,281250000.0,6,480,1,3,4
مرزداران,21000000000,6,113,1403,2,1,1,1,185,185840708.0,1,226,1,3,3
نیاوران,40000000000,8,178,1398,3,1,1,1,200,224719101.1,6,534,1,3,4
فرمانیه,31900000000,2,160,1393,3,1,1,1,172,199375000.0,11,480,0,3,4
گیشا (کوی نصر),13200000000,5,74,1397,2,1,1,1,234,178378378.4,7,148,1,3,2
نیاوران,33500000000,2,130,1399,2,1,1,1,200,257692307.7,5,260,0,3,3
جنت‌آباد شمالی,11800000000,1,91,1396,2,1,1,1,56,129670329.7,8,182,0,2,2
اختیاریه,25500000000,2,150,1400,3,1,1,1,10,170000000.0,4,450,0,3,3
گیشا (کوی نصر),16100000000,3,77,1403,2,1,1,1,234,209090909.1,1,154,0,3,2
قیطریه,46000000000,3,245,1403,3,1,1,1,177,187755102.0,1,735,0,3,5
جنت‌آباد جنوبی,15800000000,3,115,1400,2,1,1,1,55,137391304.3,4,230,0,2,3
سبلان,5850000000,1,78,1398,2,1,1,1,110,75000000.0,6,156,0,2,2
پونک,12000000000,5,83,1398,2,1,1,1,217,144578313.3,6,166,1,2,2
گیشا (کوی نصر),25160000000,5,148,1386,3,1,1,1,234,170000000.0,18,444,1,3,3
میرداماد,14400000000,4,100,1387,2,1,1,1,192,144000000.0,17,200,1,2,2
پونک,7400000000,1,65,1391,1,1,1,1,217,113846153.8,13,65,0,2,2
گیشا (کوی نصر),33500000000,3,153,1403,3,1,1,1,234,218954248.4,1,459,0,3,4
تهران‌سر,11340000000,8,135,1403,3,1,1,1,47,84000000.0,1,405,1,2,3
ظفر,15800000000,2,98,1395,2,1,1,1,166,161224489.8,9,196,0,3,2
تهران‌سر,8450000000,8,109,1403,2,1,1,1,47,77522935.78,1,218,1,2,3
میرداماد,31000000000,6,137,1402,3,1,1,1,192,226277372.3,2,411,1,3,3
پونک,18300000000,1,129,1393,3,1,1,1,217,141860465.1,11,387,0,2,3
گیشا (کوی نصر),12900000000,5,80,1392,2,1,1,1,234,161250000.0,12,160,1,3,2
پونک,16000000000,1,150,1388,3,1,1,1,217,106666666.7,16,450,0,2,3
قلهک,33600000000,3,120,1403,2,1,1,1,176,280000000.0,1,240,0,3,3
جنت‌آباد جنوبی,7100000000,3,63,1386,1,1,1,1,55,112698412.7,18,63,0,2,2
پونک,12000000000,5,88,1400,2,1,1,1,217,136363636.4,4,176,1,2,2
پونک,6800000000,4,75,1388,2,1,1,1,217,90666666.67,16,150,1,2,2
آجودانیه,46000000000,5,160,1403,3,1,1,1,2,287500000.0,1,480,1,3,4
مرزداران,14800000000,3,85,1397,2,1,1,1,185,174117647.1,7,170,0,3,2
فرمانیه,39500000000,1,200,1399,3,1,1,1,172,197500000.0,5,600,0,3,4
مرزداران,10200000000,2,100,1386,2,0,1,1,185,102000000.0,18,200,0,2,2
پاسداران,28260000000,5,157,1393,3,1,1,1,213,180000000.0,11,471,1,3,4
فرمانیه,63500000000,2,260,1401,4,1,1,1,172,244230769.2,3,1040,0,3,5
دروس,65000000000,7,333,1402,4,1,1,1,90,195195195.2,2,1332,1,3,5
فرمانیه,42500000000,3,125,1403,2,1,1,1,172,340000000.0,1,250,0,3,3
جنت‌آباد مرکزی,10500000000,2,100,1393,2,1,1,1,57,105000000.0,11,200,0,2,2
جیحون,6050000000,1,85,1403,2,1,1,1,61,71176470.59,1,170,0,2,2
نیاوران,46500000000,3,185,1392,3,1,1,1,200,251351351.4,12,555,0,3,4
سلسبیل,3230000000,0,46,1384,1,0,1,1,117,70217391.3,20,46,0,2,1
دزاشیب,35000000000,3,200,1387,4,1,1,1,94,175000000.0,17,800,0,3,4
هفت حوض,10200000000,3,86,1394,2,1,1,1,205,118604651.2,10,172,0,2,2
جنت‌آباد جنوبی,13500000000,1,100,1390,2,1,1,1,55,135000000.0,14,200,0,2,2
شاهین,17500000000,5,126,1395,3,1,1,1,129,138888888.9,9,378,1,2,3
جنت‌آباد مرکزی,8100000000,4,67,1387,2,1,1,1,57,120895522.4,17,134,1,2,2
سازمان برنامه,6600000000,2,60,1390,1,1,1,1,109,110000000.0,14,60,0,2,2
اباذر,7450000000,2,60,1391,1,1,1,1,8,124166666.7,13,60,0,2,2
تهران‌نو,5406000000,5,53,1385,1,1,1,1,48,102000000.0,19,53,1,2,2
صد دستگاه,4600000000,2,55,1391,1,0,1,1,162,83636363.64,13,55,0,2,2
صادقیه,6850000000,2,62,1380,2,0,1,1,161,110483871.0,24,124,0,2,2
جیحون,5180000000,2,71,1392,2,1,1,1,61,72957746.48,12,142,0,2,2
شهران جنوبی,8500000000,1,90,1390,2,1,1,1,136,94444444.44,14,180,0,2,2
شهران شمالی,9300000000,5,93,1384,2,1,1,1,137,100000000.0,20,186,1,2,2
اقدسیه,17700000000,6,109,1400,2,1,1,1,18,162385321.1,4,218,1,3,3
نیاوران,33000000000,4,170,1383,3,1,1,1,200,194117647.1,21,510,1,3,4
شهرک ژاندارمری,15200000000,3,97,1393,2,1,1,1,152,156701030.9,11,194,0,3,2
باغ فیض,13100000000,4,98,1391,2,1,1,1,35,133673469.4,13,196,1,2,2
جنت‌آباد جنوبی,6700000000,1,60,1384,1,0,1,1,55,111666666.7,20,60,0,2,2
سازمان برنامه,13300000000,6,104,1397,2,1,1,1,109,127884615.4,7,208,1,2,3
کرمان,5400000000,3,70,1380,2,0,1,1,224,77142857.14,24,140,0,2,2
هروی,22200000000,2,155,1400,3,1,1,1,204,143225806.5,4,465,0,2,4
تهرانپارس غربی,6600000000,1,71,1386,2,1,1,1,46,92957746.48,18,142,0,2,2
باغ فیض,13600000000,4,118,1390,2,1,1,1,35,115254237.3,14,236,1,2,3
پونک,12500000000,3,100,1393,2,1,1,1,217,125000000.0,11,200,0,2,2
جنت‌آباد مرکزی,14500000000,5,92,1394,2,1,1,1,57,157608695.7,10,184,1,3,2
سازمان برنامه,5350000000,4,55,1387,1,0,1,1,109,97272727.27,17,55,0,2,2
اباذر,12500000000,2,96,1393,2,1,1,1,8,130208333.3,11,192,0,2,2
سعادت‌آباد,29500000000,5,151,1388,3,1,1,1,114,195364238.4,16,453,1,3,4
سازمان برنامه,7250000000,2,68,1386,2,0,1,1,109,106617647.1,18,136,0,2,2
سازمان آب,12400000000,3,101,1397,2,1,1,1,108,122772277.2,7,202,0,2,3
کوی فردوس,10600000000,4,77,1397,2,1,1,1,229,137662337.7,7,154,1,2,2
شهران شمالی,6230000000,3,55,1386,1,1,1,1,137,113272727.3,18,55,0,2,2
ولنجک,56700000000,2,135,1403,2,1,1,1,210,420000000.0,1,270,0,3,3
ارم,8200000000,4,65,1397,2,1,1,1,12,126153846.2,7,130,1,2,2
ستارخان,10850000000,4,87,1390,2,1,1,1,111,124712643.7,14,174,1,2,2
سازمان برنامه,12600000000,1,102,1395,1,1,1,1,109,123529411.8,9,102,0,2,3
شهران جنوبی,8500000000,1,80,1388,2,1,1,1,136,106250000.0,16,160,0,2,2
لشکر,3950000000,3,53,1397,1,1,1,0,178,74528301.89,7,53,0,2,2
ظفر,10000000000,0,78,1371,1,1,1,0,166,128205128.2,33,78,0,2,2
سعادت‌آباد,20700000000,4,112,1403,2,1,1,1,114,184821428.6,1,224,1,3,3
پونک,19000000000,5,117,1402,2,1,1,1,217,162393162.4,2,234,1,3,3
جمهوری,5500000000,2,62,1390,1,1,1,1,54,88709677.42,14,62,0,2,2
افسریه,11200000000,3,145,1401,3,1,1,1,17,77241379.31,3,435,0,2,3
سعادت‌آباد,22000000000,6,120,1403,2,1,1,1,114,183333333.3,1,240,1,3,3
سلسبیل,4700000000,5,58,1390,1,1,1,1,117,81034482.76,14,58,1,2,2
شمس‌آباد,8800000000,2,85,1388,2,1,1,1,132,103529411.8,16,170,0,2,2
جیحون,5280000000,3,74,1395,2,1,1,1,61,71351351.35,9,148,0,2,2
یوسف‌آباد,14100000000,2,113,1374,2,1,1,1,236,124778761.1,30,226,0,2,3
مرزداران,27750000000,5,145,1403,3,1,1,1,185,191379310.3,1,435,1,3,3
تهرانپارس غربی,5200000000,2,61,1390,1,0,1,0,46,85245901.64,14,61,0,2,2
ازگل,13000000000,17,96,1388,2,1,1,1,13,135416666.7,16,192,1,2,2
قیطریه,18300000000,3,100,1400,2,1,1,1,177,183000000.0,4,200,0,3,2
هفت حوض,9450000000,5,78,1404,2,1,1,1,205,121153846.2,0,156,1,2,2
دیلمان,10500000000,3,138,1403,3,1,1,1,99,76086956.52,1,414,0,2,3
زنجان,11500000000,6,145,1401,3,1,1,1,105,79310344.83,3,435,1,2,3
فرمانیه,22500000000,2,120,1401,2,1,1,1,172,187500000.0,3,240,0,3,3
ظفر,16500000000,3,100,1400,2,1,1,1,166,165000000.0,4,200,0,3,2
تهرانپارس غربی,6000000000,3,81,1390,2,0,1,1,46,74074074.07,14,162,0,2,2
شهران شمالی,5950000000,3,50,1390,1,1,1,1,137,119000000.0,14,50,0,2,1
سلسبیل,5200000000,3,55,1403,1,1,1,1,117,94545454.55,1,55,0,2,2
سازمان آب,7400000000,4,50,1389,1,1,1,1,108,148000000.0,15,50,1,2,1
جنت‌آباد جنوبی,9800000000,5,85,1389,2,1,1,1,55,115294117.6,15,170,1,2,2
فرمانیه,15800000000,4,93,1385,2,1,1,1,172,169892473.1,19,186,1,3,2
سازمان برنامه,16800000000,4,118,1396,3,1,1,1,109,142372881.4,8,354,1,2,3
جیحون,4200000000,3,58,1393,1,1,1,1,61,72413793.1,11,58,0,2,2
اباذر,19700000000,3,115,1403,2,1,1,1,8,171304347.8,1,230,0,3,3
سازمان برنامه,6800000000,1,60,1385,1,0,1,1,109,113333333.3,19,60,0,2,2
کامرانیه,38500000000,5,170,1393,3,1,1,1,223,226470588.2,11,510,1,3,4
شهرک غرب,33000000000,4,158,1403,3,1,1,1,147,208860759.5,1,474,1,3,4
شهرک پرواز,10600000000,2,101,1389,2,1,1,1,151,104950495.0,15,202,0,2,3
دروس,24180000000,2,128,1393,3,1,1,1,90,188906250.0,11,384,0,3,3
گیشا (کوی نصر),14000000000,4,100,1384,2,1,1,1,234,140000000.0,20,200,1,2,2
قیطریه,18500000000,2,110,1388,2,1,1,1,177,168181818.2,16,220,0,3,3
گیشا (کوی نصر),16800000000,5,85,1400,2,1,1,1,234,197647058.8,4,170,1,3,2
مرزداران,16050000000,3,95,1390,2,1,1,1,185,168947368.4,14,190,0,3,2
نیاوران,39000000000,3,110,1403,2,1,1,1,200,354545454.5,1,220,0,3,3
سلسبیل,6700000000,3,70,1403,2,1,1,1,117,95714285.71,1,140,0,2,2
مرزداران,11350000000,5,92,1385,2,1,1,1,185,123369565.2,19,184,1,2,2
صادقیه,8850000000,1,105,1384,2,1,1,1,161,84285714.29,20,210,0,2,3
سازمان آب,16330000000,5,123,1403,2,1,1,1,108,132764227.6,1,246,1,2,3
سازمان برنامه,15200000000,1,106,1403,2,1,1,1,109,143396226.4,1,212,0,2,3
جنت‌آباد مرکزی,11490000000,5,108,1397,2,1,1,1,57,106388888.9,7,216,1,2,3
دروازه شمیران,7550000000,2,85,1385,2,1,1,1,89,88823529.41,19,170,0,2,2
شریف,25800000000,2,230,1403,3,1,1,1,131,112173913.0,1,690,0,2,5
هروی,11500000000,3,93,1388,2,1,1,1,204,123655914.0,16,186,0,2,2
سعادت‌آباد,19000000000,1,120,1402,2,1,1,1,114,158333333.3,2,240,0,3,3
پلیس,9200000000,5,85,1390,2,1,1,1,216,108235294.1,14,170,1,2,2
فرمانیه,34000000000,4,170,1390,3,1,1,1,172,200000000.0,14,510,1,3,4
قلهک,9200000000,2,81,1380,2,0,1,1,176,113580246.9,24,162,0,2,2
قیطریه,31700000000,5,100,1403,2,1,1,1,177,317000000.0,1,200,1,3,2
هفت چنار,10300000000,4,146,1403,3,1,1,1,206,70547945.21,1,438,1,2,3
پونک,6500000000,2,60,1385,1,1,1,1,217,108333333.3,19,60,0,2,2
ستارخان,9400000000,5,85,1395,2,1,1,1,111,110588235.3,9,170,1,2,2
سیدخندان,42500000000,3,185,1403,3,1,1,1,123,229729729.7,1,555,0,3,4
جنت‌آباد مرکزی,15500000000,3,105,1403,2,1,1,1,57,147619047.6,1,210,0,2,3
پونک,7500000000,3,58,1386,1,1,1,1,217,129310344.8,18,58,0,2,2
فرمانیه,34000000000,4,180,1393,4,1,1,1,172,188888888.9,11,720,1,3,4
جنت‌آباد مرکزی,7550000000,3,61,1397,1,1,1,1,57,123770491.8,7,61,0,2,2
سعادت‌آباد,25000000000,3,95,1403,2,1,1,1,114,263157894.7,1,190,0,3,2
دریاچه شهدای خلیج فارس,6300000000,0,81,1386,2,0,1,1,93,77777777.78,18,162,0,2,2
پونک,16900000000,3,150,1395,3,1,1,1,217,112666666.7,9,450,0,2,3
دریاچه شهدای خلیج فارس,8500000000,23,117,1403,2,1,1,1,93,72649572.65,1,234,1,2,3
گلاب دره,13750000000,3,110,1403,2,1,1,1,231,125000000.0,1,220,0,2,3
قیطریه,33000000000,2,165,1403,3,1,1,1,177,200000000.0,1,495,0,3,4
دیلمان,7120000000,1,90,1401,2,1,1,0,99,79111111.11,3,180,0,2,2
شریف,16000000000,3,123,1403,3,1,1,1,131,130081300.8,1,369,0,2,3
ارم,19500000000,4,130,1404,3,1,1,1,12,150000000.0,0,390,1,3,3
گلاب دره,17000000000,8,115,1403,3,1,1,1,231,147826087.0,1,345,1,2,3
شهران جنوبی,9800000000,3,95,1385,2,1,1,1,136,103157894.7,19,190,0,2,2
جنت‌آباد جنوبی,6600000000,2,58,1382,1,0,1,1,55,113793103.4,22,58,0,2,2
قیطریه,37500000000,2,150,1403,3,1,1,1,177,250000000.0,1,450,0,3,3
سنایی,32000000000,5,190,1402,3,1,1,1,119,168421052.6,2,570,1,3,4
نیاوران,14300000000,4,53,1398,1,1,1,1,200,269811320.8,6,53,1,3,2
شادمهر,6500000000,3,78,1380,2,0,1,1,125,83333333.33,24,156,0,2,2
پونک,12850000000,4,95,1398,2,1,1,1,217,135263157.9,6,190,1,2,2
یوسف‌آباد,36000000000,6,164,1402,3,1,1,1,236,219512195.1,2,492,1,3,4
سعادت‌آباد,52500000000,6,150,1403,3,1,1,1,114,350000000.0,1,450,1,3,3
سهروردی,22200000000,6,148,1403,3,1,1,1,120,150000000.0,1,444,1,3,3
دریاچه شهدای خلیج فارس,9500000000,19,128,1402,2,1,1,1,93,74218750.0,2,256,1,2,3
استاد معین,3850000000,3,54,1394,1,1,1,1,14,71296296.3,10,54,0,2,2
جنت‌آباد مرکزی,12900000000,4,113,1388,3,1,1,1,57,114159292.0,16,339,1,2,3
فاطمی,20250000000,2,135,1403,2,1,1,1,169,150000000.0,1,270,0,3,3
باغ فیض,12850000000,4,95,1398,2,1,1,1,35,135263157.9,6,190,1,2,2
فرمانیه,33000000000,5,160,1388,3,1,1,1,172,206250000.0,16,480,1,3,4
اکباتان,16500000000,7,171,1371,3,1,1,1,29,96491228.07,33,513,1,2,4
سرو آزاد,11000000000,2,116,1400,2,1,1,1,113,94827586.21,4,232,0,2,3
حسین‌آباد,33200000000,5,163,1402,3,1,1,1,62,203680981.6,2,489,1,3,4
یوسف‌آباد,19700000000,6,120,1403,3,1,1,1,236,164166666.7,1,360,1,3,3
جیحون,2450000000,2,35,1380,1,0,1,1,61,70000000.0,24,35,0,2,1
کوی فردوس,12450000000,3,83,1403,2,1,1,1,229,150000000.0,1,166,0,3,2
پونک,9900000000,3,70,1385,2,1,1,1,217,141428571.4,19,140,0,2,2
سعادت‌آباد,60000000000,2,175,1403,3,1,1,1,114,342857142.9,1,525,0,3,4
فاطمی,17400000000,3,111,1400,2,1,1,1,169,156756756.8,4,222,0,3,3
پاسداران,23150000000,2,110,1402,2,1,1,1,213,210454545.5,2,220,0,3,3
شریف,16500000000,1,150,1403,3,1,1,1,131,110000000.0,1,450,0,2,3
باغ فیض,8700000000,2,95,1388,2,1,1,1,35,91578947.37,16,190,0,2,2
باغ فیض,7200000000,4,76,1383,2,1,1,1,35,94736842.11,21,152,1,2,2
پونک,23000000000,4,150,1398,3,1,1,1,217,153333333.3,6,450,1,3,3
جیحون,5000000000,0,57,1388,1,0,1,1,61,87719298.25,16,57,0,2,2
پاسداران,17000000000,5,116,1387,2,1,1,1,213,146551724.1,17,232,1,2,3
جیحون,7000000000,3,65,1402,1,1,1,1,61,107692307.7,2,65,0,2,2
شریف,11900000000,2,120,1403,3,1,1,1,131,99166666.67,1,360,0,2,3
شهرک ژاندارمری,10200000000,1,68,1392,1,1,1,1,152,150000000.0,12,68,0,3,2
ظفر,20500000000,2,180,1377,4,1,1,1,166,113888888.9,27,720,0,2,4
هروی,13500000000,6,105,1400,2,1,1,1,204,128571428.6,4,210,1,2,3
باغ فیض,9300000000,1,90,1390,2,1,1,1,35,103333333.3,14,180,0,2,2
هروی,14500000000,6,108,1400,2,1,1,1,204,134259259.3,4,216,1,2,3
میرداماد,6800000000,0,42,1380,1,1,1,0,192,161904761.9,24,42,0,3,1
شهران جنوبی,9000000000,2,83,1398,2,1,1,1,136,108433734.9,6,166,0,2,2
پونک,7100000000,3,80,1386,2,0,1,1,217,88750000.0,18,160,0,2,2
حکمت,19800000000,1,110,1402,2,1,1,1,65,180000000.0,2,220,0,3,3
میرداماد,26500000000,2,123,1402,3,1,1,1,192,215447154.5,2,369,0,3,3
سازمان برنامه,23500000000,1,165,1397,3,1,1,1,109,142424242.4,7,495,0,2,4
مرزداران,9400000000,3,64,1390,1,1,1,1,185,146875000.0,14,64,0,2,2
شهران شمالی,19957000000,5,125,1403,3,1,1,1,137,159656000.0,1,375,1,3,3
سازمان برنامه,7850000000,0,67,1382,2,0,1,0,109,117164179.1,22,134,0,2,2
جیحون,7000000000,3,64,1402,1,1,1,1,61,109375000.0,2,64,0,2,2
دروس,12900000000,5,75,1385,2,1,1,1,90,172000000.0,19,150,1,3,2
یوسف‌آباد,17500000000,2,100,1401,2,1,1,1,236,175000000.0,3,200,0,3,2
سازمان آب,16850000000,2,115,1401,3,1,1,1,108,146521739.1,3,345,0,2,3
حکیمیه,7890000000,6,87,1402,2,1,1,1,66,90689655.17,2,174,1,2,2
جنت‌آباد شمالی,5350000000,3,45,1390,1,0,1,1,56,118888888.9,14,45,0,2,1
هاشمی,6120000000,5,86,1403,2,1,1,1,203,71162790.7,1,172,1,2,2
سازمان آب,9870000000,5,84,1403,2,1,1,1,108,117500000.0,1,168,1,2,2
سازمان برنامه,9500000000,4,78,1388,2,1,1,1,109,121794871.8,16,156,1,2,2
حکمت,15300000000,2,88,1386,2,1,1,1,65,173863636.4,18,176,0,3,2
سازمان آب,17385000000,5,126,1401,3,1,1,1,108,137976190.5,3,378,1,2,3
پاسداران,18850000000,4,130,1401,2,1,1,1,213,145000000.0,3,260,1,2,3
یوسف‌آباد,13300000000,3,126,1383,3,0,1,1,236,105555555.6,21,378,0,2,3
پاتریس لومومبا,14100000000,5,105,1403,2,1,1,1,212,134285714.3,1,210,1,2,3
میرداماد,35000000000,1,163,1400,3,1,1,1,192,214723926.4,4,489,0,3,4
شهرک غرب,27500000000,4,168,1380,3,1,1,1,147,163690476.2,24,504,1,3,4
حسین‌آباد,17200000000,7,117,1402,2,1,1,1,62,147008547.0,2,234,1,2,3
شهر زیبا,9350000000,6,87,1398,2,1,1,1,134,107471264.4,6,174,1,2,2
پاسداران,20160000000,3,180,1402,3,1,1,1,213,112000000.0,2,540,0,2,4
سلسبیل,6000000000,1,56,1393,1,1,1,1,117,107142857.1,11,56,0,2,2
دردشت,5150000000,3,58,1384,2,0,1,1,88,88793103.45,20,116,0,2,2
سازمان آب,10000000000,4,100,1398,2,1,1,1,108,100000000.0,6,200,1,2,2
باغ فیض,8950000000,4,76,1393,2,1,1,1,35,117763157.9,11,152,1,2,2
قیطریه,31000000000,1,140,1400,3,1,1,1,177,221428571.4,4,420,0,3,3
شهر زیبا,16500000000,3,144,1403,3,1,1,1,134,114583333.3,1,432,0,2,3
شهرک ژاندارمری,20000000000,5,155,1382,3,1,1,1,152,129032258.1,22,465,1,2,4
صادقیه,18500000000,4,140,1403,3,1,1,1,161,132142857.1,1,420,1,2,3
ایوانک,21200000000,6,125,1397,3,1,1,1,32,169600000.0,7,375,1,3,3
سیدخندان,26000000000,3,185,1400,3,1,1,1,123,140540540.5,4,555,0,2,4
شهرک نفت (منطقه ۵),8350000000,3,70,1385,2,1,1,1,148,119285714.3,19,140,0,2,2
پاسداران,23400000000,9,180,1403,3,1,1,1,213,130000000.0,1,540,1,2,4
زعفرانیه,60000000000,7,180,1399,3,1,1,1,103,333333333.3,5,540,1,3,4
وحیدیه,7500000000,3,98,1390,2,1,1,1,208,76530612.24,14,196,0,2,2
گیشا (کوی نصر),20500000000,3,90,1403,2,1,1,1,234,227777777.8,1,180,0,3,2
مرزداران,17280000000,1,108,1403,2,1,1,1,185,160000000.0,1,216,0,3,3
پلیس,3700000000,1,52,1394,1,0,1,1,216,71153846.15,10,52,0,2,2
گیشا (کوی نصر),19500000000,4,100,1399,2,1,1,1,234,195000000.0,5,200,1,3,2
طرشت,10100000000,4,80,1403,2,1,1,1,164,126250000.0,1,160,1,2,2
گیشا (کوی نصر),14700000000,3,93,1388,2,1,1,1,234,158064516.1,16,186,0,3,2
سازمان برنامه,9700000000,3,78,1399,2,1,1,1,109,124358974.4,5,156,0,2,2
گیشا (کوی نصر),18700000000,4,115,1403,3,1,1,1,234,162608695.7,1,345,1,3,3
جنت‌آباد جنوبی,24000000000,4,133,1402,3,1,1,1,55,180451127.8,2,399,1,3,3
سوهانک,16900000000,3,143,1390,2,1,1,1,121,118181818.2,14,286,0,2,3
اسکندری,3330000000,7,47,1389,1,1,1,1,16,70851063.83,15,47,1,2,1
طرشت,12870000000,4,110,1403,2,1,1,1,164,117000000.0,1,220,1,2,3
نیاوران,20700000000,3,135,1397,3,1,1,1,200,153333333.3,7,405,0,3,3
گیشا (کوی نصر),16500000000,3,95,1395,2,1,1,1,234,173684210.5,9,190,0,3,2
گیشا (کوی نصر),35700000000,1,170,1402,3,1,1,1,234,210000000.0,2,510,0,3,4
تهرانپارس غربی,9500000000,4,100,1384,2,1,1,1,46,95000000.0,20,200,1,2,2
گیشا (کوی نصر),25900000000,4,150,1397,3,1,1,1,234,172666666.7,7,450,1,3,3
اکباتان,9500000000,0,62,1371,1,1,1,0,29,153225806.5,33,62,0,3,2
سعادت‌آباد,49500000000,3,150,1399,3,1,1,1,114,330000000.0,5,450,0,3,3
سازمان آب,10500000000,3,105,1395,2,1,1,1,108,100000000.0,9,210,0,2,3
سعادت‌آباد,23100000000,5,136,1388,3,1,1,1,114,169852941.2,16,408,1,3,3
آذربایجان,6000000000,1,56,1395,1,1,1,1,3,107142857.1,9,56,0,2,2
تهرانپارس غربی,8500000000,5,81,1388,2,1,1,1,46,104938271.6,16,162,1,2,2
ارم,14300000000,4,135,1390,3,1,1,1,12,105925925.9,14,405,1,2,3
سلامت,5500000000,2,49,1378,1,0,1,0,116,112244898.0,26,49,0,2,1
دریاچه شهدای خلیج فارس,9200000000,5,102,1393,2,1,1,1,93,90196078.43,11,204,1,2,3
شریف,5800000000,4,70,1403,1,1,1,1,131,82857142.86,1,70,1,2,2
کوی فردوس,18300000000,4,190,1385,4,1,1,1,229,96315789.47,19,760,1,2,4
گیشا (کوی نصر),12900000000,3,90,1380,2,1,1,1,234,143333333.3,24,180,0,2,2
قیطریه,29000000000,2,165,1385,3,1,1,1,177,175757575.8,19,495,0,3,4
زنجان,4200000000,0,60,1386,1,0,1,0,105,70000000.0,18,60,0,2,2
گیشا (کوی نصر),15500000000,3,100,1392,2,1,1,1,234,155000000.0,12,200,0,3,2
باغ خزانه,2800000000,2,35,1403,1,1,1,1,34,80000000.0,1,35,0,2,1
باغ فیض,11200000000,4,100,1396,2,1,1,1,35,112000000.0,8,200,1,2,2
اقدسیه,62500000000,2,250,1390,3,1,1,1,18,250000000.0,14,750,0,3,5
گیشا (کوی نصر),12700000000,4,72,1393,2,1,1,1,234,176388888.9,11,144,1,3,2
سلسبیل,7200000000,4,92,1403,2,1,1,1,117,78260869.57,1,184,1,2,2
اقدسیه,23000000000,2,170,1383,3,1,1,1,18,135294117.6,21,510,0,2,4
گیشا (کوی نصر),16900000000,4,96,1403,4,1,1,1,234,176041666.7,1,384,1,3,2
هروی,11200000000,1,70,1397,1,1,1,1,204,160000000.0,7,70,0,3,2
نیاوران,23000000000,1,175,1380,3,0,1,1,200,131428571.4,24,525,0,2,4
شهرک غرب,46000000000,9,180,1403,3,1,1,1,147,255555555.6,1,540,1,3,4
مرزداران,9800000000,5,70,1388,2,1,1,1,185,140000000.0,16,140,1,2,2
جنت‌آباد جنوبی,12220000000,3,95,1398,2,1,1,1,55,128631578.9,6,190,0,2,2
مرزداران,15700000000,3,90,1403,2,1,1,0,185,174444444.4,1,180,0,3,2
پلیس,12000000000,2,140,-1,2,0,1,1,216,85714285.71,1405,280,0,2,3
تهرانپارس غربی,13800000000,3,93,1403,2,1,1,1,46,148387096.8,1,186,0,2,2
دروس,35000000000,4,190,1385,3,1,1,1,90,184210526.3,19,570,1,3,4
یوسف‌آباد,21300000000,5,124,1385,3,1,1,1,236,171774193.5,19,372,1,3,3
دروس,36000000000,4,190,1385,3,1,1,1,90,189473684.2,19,570,1,3,4
ظفر,16300000000,5,95,1393,2,1,1,1,166,171578947.4,11,190,1,3,2
جنت‌آباد مرکزی,15500000000,10,86,1400,2,1,1,1,57,180232558.1,4,172,1,3,2
سلسبیل,3300000000,1,39,1393,1,1,1,1,117,84615384.62,11,39,0,2,1
دروس,50000000000,6,312,1386,4,1,1,1,90,160256410.3,18,1248,1,3,5
اوقاف,6200000000,1,77,1390,2,1,1,1,28,80519480.52,14,154,0,2,2
پاسداران,26000000000,2,175,1395,3,1,1,1,213,148571428.6,9,525,0,2,4
شهران جنوبی,6800000000,3,57,1402,1,1,1,1,136,119298245.6,2,57,0,2,2
دکتر هوشیار,10490000000,5,121,1393,3,1,1,1,98,86694214.88,11,363,1,2,3
زعفرانیه,65000000000,4,185,1396,3,1,1,1,103,351351351.4,8,555,1,3,4
حشمتیه,10200000000,1,102,1403,2,1,1,0,63,100000000.0,1,204,0,2,3
زنجان,6950000000,4,80,1401,2,1,1,1,105,86875000.0,3,160,1,2,2
دکتر هوشیار,7600000000,1,79,1388,2,0,1,1,98,96202531.65,16,158,0,2,2
سلسبیل,3600000000,2,44,1395,1,1,1,1,117,81818181.82,9,44,0,2,1
بریانک,7800000000,5,109,1403,2,1,1,1,36,71559633.03,1,218,1,2,3
آذربایجان,4300000000,1,57,1387,1,0,1,1,3,75438596.49,17,57,0,2,2
سلسبیل,3650000000,1,44,1403,1,1,1,0,117,82954545.45,1,44,0,2,1
سعادت‌آباد,25000000000,2,133,1384,3,1,1,1,114,187969924.8,20,399,0,3,3
اکباتان,6000000000,2,50,1386,1,1,1,1,29,120000000.0,18,50,0,2,1
جردن,24000000000,3,120,1400,2,1,1,1,51,200000000.0,4,240,0,3,3
زنجان,9200000000,3,122,1404,3,1,1,1,105,75409836.07,0,366,0,2,3
حکیمیه,11500000000,1,113,1403,2,1,1,1,66,101769911.5,1,226,0,2,3
مجیدآباد,5700000000,3,79,1378,2,0,1,0,181,72151898.73,26,158,0,2,2
پاسداران,59000000000,2,220,1403,3,1,1,1,213,268181818.2,1,660,0,3,5
شهرک امید,21000000000,9,155,1395,3,1,1,1,140,135483871.0,9,465,1,2,4
اباذر,8700000000,2,80,1385,2,1,1,1,8,108750000.0,19,160,0,2,2
پاسداران,24200000000,2,125,1394,3,1,1,1,213,193600000.0,10,375,0,3,3
سازمان برنامه,7500000000,2,72,1385,2,1,1,1,109,104166666.7,19,144,0,2,2
استخر,9100000000,13,97,1400,2,1,1,1,15,93814432.99,4,194,1,2,2
سازمان برنامه,20500000000,3,140,1396,3,1,1,1,109,146428571.4,8,420,0,2,3
سازمان برنامه,19800000000,5,120,1403,3,1,1,1,109,165000000.0,1,360,1,3,3
کاظم‌آباد,9600000000,3,80,1398,2,1,1,1,222,120000000.0,6,160,0,2,2
سلسبیل,4500000000,3,60,1380,1,0,1,1,117,75000000.0,24,60,0,2,2
پونک,16450000000,3,121,1392,3,1,1,1,217,135950413.2,12,363,0,2,3
شهران شمالی,7650000000,1,95,1394,2,1,1,1,137,80526315.79,10,190,0,2,2
جنت‌آباد جنوبی,14000000000,3,90,1403,2,1,1,1,55,155555555.6,1,180,0,3,2
یوسف‌آباد,28555000000,2,145,1402,3,1,1,1,236,196931034.5,2,435,0,3,3
پونک,13000000000,2,85,1399,2,1,1,1,217,152941176.5,5,170,0,3,2
شهران شمالی,9000000000,1,96,1383,2,1,1,1,137,93750000.0,21,192,0,2,2
هروی,21400000000,3,160,1386,3,1,1,1,204,133750000.0,18,480,0,2,4
جنت‌آباد مرکزی,7250000000,2,70,1388,2,1,1,1,57,103571428.6,16,140,0,2,2
اقدسیه,18600000000,5,135,1387,2,1,1,1,18,137777777.8,17,270,1,2,3
دارآباد,23000000000,6,155,1403,3,1,1,1,83,148387096.8,1,465,1,2,4
نارمک جنوبی,6550000000,3,75,1389,2,1,1,1,196,87333333.33,15,150,0,2,2
هروی,28000000000,3,173,1395,3,1,1,1,204,161849711.0,9,519,0,3,4
سهروردی,6365000000,0,67,1384,2,1,1,0,120,95000000.0,20,134,0,2,2
کاظم‌آباد,7200000000,1,84,1376,2,0,1,1,222,85714285.71,28,168,0,2,2
دردشت,14800000000,1,148,1401,3,1,1,1,88,100000000.0,3,444,0,2,3
قیطریه,14400000000,4,75,1397,2,1,1,1,177,192000000.0,7,150,1,3,2
امیرآباد,14000000000,2,90,1403,2,1,1,1,26,155555555.6,1,180,0,3,2
استاد معین,5150000000,2,70,1385,1,1,1,1,14,73571428.57,19,70,0,2,2
کوی مهران,16500000000,2,115,1393,2,1,1,1,230,143478260.9,11,230,0,2,3
سلسبیل,4850000000,0,55,1388,1,1,1,1,117,88181818.18,16,55,0,2,2
شمس‌آباد,5500000000,4,40,1403,1,1,1,0,132,137500000.0,1,40,1,2,1
هروی,27900000000,5,165,1403,3,1,1,1,204,169090909.1,1,495,1,3,4
باغ فیض,6500000000,3,55,1392,1,1,1,1,35,118181818.2,12,55,0,2,2
پونک,18200000000,4,104,1403,2,1,1,1,217,175000000.0,1,208,1,3,3
کرمان,5350000000,1,58,1383,1,0,1,1,224,92241379.31,21,58,0,2,2
یوسف‌آباد,13500000000,1,85,1394,2,1,1,1,236,158823529.4,10,170,0,3,2
فاطمی,13200000000,2,90,1400,2,1,1,1,169,146666666.7,4,180,0,2,2
نارمک جنوبی,14950000000,4,150,1399,3,1,1,1,196,99666666.67,5,450,1,2,3
تهران‌سر,7500000000,1,105,1395,2,1,1,1,47,71428571.43,9,210,0,2,3
قیطریه,12000000000,3,65,1395,1,1,1,1,177,184615384.6,9,65,0,3,2
استاد معین,7200000000,4,68,1404,1,1,1,1,14,105882352.9,0,68,1,2,2
ازگل,11500000000,2,96,1386,2,1,1,1,13,119791666.7,18,192,0,2,2
دریاچه شهدای خلیج فارس,9600000000,11,110,1395,2,1,1,1,93,87272727.27,9,220,1,2,3
پونک,9500000000,1,98,1395,2,1,1,1,217,96938775.51,9,196,0,2,2
کوهک,11000000000,8,108,1403,2,1,1,1,227,101851851.9,1,216,1,2,3
سازمان برنامه,21900000000,4,142,1401,3,1,1,1,109,154225352.1,3,426,1,3,3
قلهک,22000000000,5,115,1403,2,1,1,1,176,191304347.8,1,230,1,3,3
ازگل,16500000000,5,108,1395,2,1,1,1,13,152777777.8,9,216,1,3,3
استاد معین,7200000000,3,92,1400,2,1,1,1,14,78260869.57,4,184,0,2,2
ولنجک,55440000000,3,132,1403,2,1,1,1,210,420000000.0,1,264,0,3,3
سازمان برنامه,13300000000,4,90,1398,2,1,1,1,109,147777777.8,6,180,1,2,2
شهران جنوبی,11900000000,5,93,1395,2,1,1,1,136,127956989.2,9,186,1,2,2
دکتر هوشیار,10200000000,2,107,1403,2,1,1,1,98,95327102.8,1,214,0,2,3
جنت‌آباد مرکزی,7400000000,4,69,1386,2,1,1,1,57,107246376.8,18,138,1,2,2
ولنجک,38000000000,2,175,1402,3,1,1,1,210,217142857.1,2,525,0,3,4
نارمک,44000000000,2,200,1403,3,1,1,1,195,220000000.0,1,600,0,3,4
مرزداران,19800000000,5,124,1400,3,1,1,1,185,159677419.4,4,372,1,3,3
تهرانپارس غربی,6550000000,2,72,1382,2,0,1,1,46,90972222.22,22,144,0,2,2
سهروردی,7500000000,2,60,1386,1,1,1,1,120,125000000.0,18,60,0,2,2
تهرانپارس شرقی,15700000000,5,180,1397,3,1,1,1,45,87222222.22,7,540,1,2,4
گیشا (کوی نصر),22000000000,3,138,1388,3,1,1,1,234,159420289.9,16,414,0,3,3
سنایی,21000000000,4,150,1398,3,1,1,1,119,140000000.0,6,450,1,2,3
تهرانپارس غربی,8600000000,3,100,1372,2,0,1,1,46,86000000.0,32,200,0,2,2
زعفرانیه,40000000000,1,185,1387,3,1,1,1,103,216216216.2,17,555,0,3,4
کوی مهران,8800000000,1,70,1393,1,1,1,1,230,125714285.7,11,70,0,2,2
گیشا (کوی نصر),30000000000,4,150,1402,3,1,1,1,234,200000000.0,2,450,1,3,3
سنایی,31900000000,5,190,1402,3,1,1,1,119,167894736.8,2,570,1,3,4
پاسداران,19200000000,2,80,1404,2,1,1,1,213,240000000.0,0,160,0,3,2
آذربایجان,4250000000,1,52,1391,1,0,1,1,3,81730769.23,13,52,0,2,2
استاد معین,5250000000,3,75,1386,1,0,1,1,14,70000000.0,18,75,0,2,2
جنت‌آباد مرکزی,11500000000,3,100,1401,2,1,1,1,57,115000000.0,3,200,0,2,2
قلهک,13700000000,5,93,1382,2,1,1,1,176,147311828.0,22,186,1,2,2
منیریه,8750000000,1,92,1396,2,1,1,1,188,95108695.65,8,184,0,2,2
مخصوص,7850000000,5,89,1401,2,1,1,1,183,88202247.19,3,178,1,2,2
اختیاریه,13200000000,2,89,1385,2,0,1,1,10,148314606.7,19,178,0,2,2
جمال‌زاده,7200000000,0,78,1384,2,0,1,1,53,92307692.31,20,156,0,2,2
پونک,11600000000,5,60,1397,1,1,1,1,217,193333333.3,7,60,1,3,2
تهرانپارس غربی,15700000000,2,143,1388,3,1,1,1,46,109790209.8,16,429,0,2,3
سعادت‌آباد,17400000000,3,80,1403,2,1,1,1,114,217500000.0,1,160,0,3,2
ایرانشهر,9390000000,6,83,1396,2,1,1,0,31,113132530.1,8,166,1,2,2
صادقیه,18100000000,3,140,1403,3,1,1,1,161,129285714.3,1,420,0,2,3
باغ فیض,7100000000,4,53,1383,1,1,1,1,35,133962264.2,21,53,1,2,2
طرشت,12870000000,4,110,1403,2,1,1,1,164,117000000.0,1,220,1,2,3
اختیاریه,14500000000,1,90,1388,2,1,1,1,10,161111111.1,16,180,0,3,2
دکتر هوشیار,9100000000,1,115,1399,3,1,1,1,98,79130434.78,5,345,0,2,3
سنایی,19400000000,3,116,1403,3,1,1,1,119,167241379.3,1,348,0,3,3
ظفر,15300000000,3,115,1383,2,1,1,1,166,133043478.3,21,230,0,2,3
سازمان برنامه,7900000000,5,85,1390,2,1,1,1,109,92941176.47,14,170,1,2,2
مخصوص,6800000000,1,80,1404,2,1,1,1,183,85000000.0,0,160,0,2,2
مدائن,12200000000,1,100,1403,3,1,1,1,184,122000000.0,1,300,0,2,2
سازمان برنامه,9500000000,0,103,1383,2,1,1,1,109,92233009.71,21,206,0,2,3
پاسداران,55000000000,1,200,1373,3,0,1,1,213,275000000.0,31,600,0,3,4
هروی,21100000000,7,128,1397,3,1,1,1,204,164843750.0,7,384,1,3,3
اختیاریه,20800000000,2,105,1398,2,1,1,1,10,198095238.1,6,210,0,3,3
هاشمی,4400000000,3,58,1395,1,1,1,1,203,75862068.97,9,58,0,2,2
طرشت,17550000000,3,130,1403,3,1,1,1,164,135000000.0,1,390,0,2,3
سلسبیل,7950000000,4,84,1403,2,1,1,1,117,94642857.14,1,168,1,2,2
مخصوص,8050000000,4,90,1401,2,1,1,1,183,89444444.44,3,180,1,2,2
نارمک,5850000000,2,60,1380,2,0,1,1,195,97500000.0,24,120,0,2,2
شهران شمالی,14350000000,5,100,1400,2,1,1,1,137,143500000.0,4,200,1,2,2
پونک,7000000000,3,45,1396,1,1,1,1,217,155555555.6,8,45,0,3,1
مخصوص,9350000000,3,110,1404,3,1,1,1,183,85000000.0,0,330,0,2,3
دریاچه شهدای خلیج فارس,9990000000,15,115,1398,2,1,1,1,93,86869565.22,6,230,1,2,3
سلسبیل,3700000000,1,46,1403,1,1,1,1,117,80434782.61,1,46,0,2,1
فدک,11200000000,5,108,1397,2,1,1,1,170,103703703.7,7,216,1,2,3
شمس‌آباد,14000000000,1,108,1403,2,1,1,1,132,129629629.6,1,216,0,2,3
سلسبیل,5500000000,4,54,1403,1,1,1,0,117,101851851.9,1,54,1,2,2
یوسف‌آباد,12500000000,0,117,1376,2,0,1,0,236,106837606.8,28,234,0,2,3
المهدی,9000000000,4,63,1392,1,1,1,1,19,142857142.9,12,63,1,2,2
نیاوران,37000000000,5,125,1403,2,1,1,1,200,296000000.0,1,250,1,3,3
شمس‌آباد,21500000000,3,135,1403,3,1,1,1,132,159259259.3,1,405,0,3,3
سازمان آب,6720000000,3,55,1389,1,1,1,1,108,122181818.2,15,55,0,2,2
نیاوران,20500000000,5,115,1397,2,1,1,1,200,178260869.6,7,230,1,3,3
جلفا,17200000000,2,86,1404,2,1,1,1,52,200000000.0,0,172,0,3,2
شهر زیبا,9800000000,6,89,1398,2,1,1,1,134,110112359.6,6,178,1,2,2
جردن,49725000000,2,195,1403,3,1,1,1,51,255000000.0,1,585,0,3,4
جنت‌آباد جنوبی,29000000000,3,170,1403,3,1,1,1,55,170588235.3,1,510,0,3,4
نارمک جنوبی,7300000000,3,70,1395,2,1,1,1,196,104285714.3,9,140,0,2,2
نیاوران,23500000000,4,105,1392,2,1,1,1,200,223809523.8,12,210,1,3,3
آذربایجان,6200000000,2,60,1396,1,1,1,0,3,103333333.3,8,60,0,2,2
میرداماد,14800000000,6,100,1383,2,1,1,1,192,148000000.0,21,200,1,2,2
شهرک غرب,19800000000,3,112,1403,2,1,1,1,147,176785714.3,1,224,0,3,3
گیشا (کوی نصر),26000000000,2,150,1393,3,1,1,1,234,173333333.3,11,450,0,3,3
شهران جنوبی,9800000000,2,100,1389,2,1,1,1,136,98000000.0,15,200,0,2,2
فدک,11000000000,3,92,1402,2,1,1,1,170,119565217.4,2,184,0,2,2
سعادت‌آباد,25000000000,18,160,1385,3,1,1,1,114,156250000.0,19,480,1,3,4
استاد معین,7800000000,1,102,1373,2,0,1,1,14,76470588.24,31,204,0,2,3
خ محمدی,6150000000,1,58,1383,1,1,1,1,73,106034482.8,21,58,0,2,2
بلوار عدل شمالی,7750000000,4,58,1401,1,1,1,1,37,133620689.7,3,58,1,2,2
ارامنه,7350000000,4,80,1403,2,1,1,1,11,91875000.0,1,160,1,2,2
جنت‌آباد مرکزی,18700000000,3,136,1402,3,1,1,1,57,137500000.0,2,408,0,2,3
ظهیرآباد,25190000000,4,229,1403,4,1,1,1,167,110000000.0,1,916,1,2,5
جنت‌آباد جنوبی,12000000000,3,117,1397,2,1,1,1,55,102564102.6,7,234,0,2,3
سازمان برنامه,7700000000,1,70,1385,2,0,1,1,109,110000000.0,19,140,0,2,2
پاسداران,17700000000,2,100,1391,2,1,1,1,213,177000000.0,13,200,0,3,2
گیشا (کوی نصر),15000000000,4,10,1391,3,1,1,1,234,1500000000.0,13,30,1,3,1
قیطریه,19000000000,1,115,1388,2,1,1,1,177,165217391.3,16,230,0,3,3
کوی بیمه,6000000000,3,55,1388,1,1,1,1,228,109090909.1,16,55,0,2,2
جنت‌آباد جنوبی,11300000000,4,100,1397,2,1,1,1,55,113000000.0,7,200,1,2,2
مرزداران,23650000000,7,110,1403,2,1,1,1,185,215000000.0,1,220,1,3,3
دکتر هوشیار,3650000000,6,45,1398,1,1,1,1,98,81111111.11,6,45,1,2,1
توحید,8500000000,1,95,-1,2,0,1,0,50,89473684.21,1405,190,0,2,2
یوسف‌آباد,9200000000,4,112,1375,2,0,1,1,236,82142857.14,29,224,0,2,3
پونک,29070000000,4,150,1402,3,1,1,1,217,193800000.0,2,450,1,3,3
سعادت‌آباد,16500000000,3,105,1395,2,1,1,1,114,157142857.1,9,210,0,3,3
صادقیه,6300000000,4,90,-1,2,0,1,1,161,70000000.0,1405,180,0,2,2
ارم,6900000000,1,49,1384,1,1,1,1,12,140816326.5,20,49,0,2,1
ایرانشهر,6670000000,2,58,1390,1,1,1,1,31,115000000.0,14,58,0,2,2
جنت‌آباد جنوبی,11900000000,4,116,1397,2,1,1,1,55,102586206.9,7,232,1,2,3
سعادت‌آباد,18700000000,2,115,1388,2,1,1,1,114,162608695.7,16,230,0,3,3
اختیاریه,21500000000,2,138,1397,2,1,1,1,10,155797101.4,7,276,0,3,3
پونک,8100000000,0,75,1385,2,0,1,1,217,108000000.0,19,150,0,2,2
جنت‌آباد مرکزی,12500000000,2,105,1400,2,1,1,1,57,119047619.0,4,210,0,2,3
جنت‌آباد مرکزی,4950000000,3,53,1389,1,0,1,1,57,93396226.42,15,53,0,2,2
سرو آزاد,8700000000,14,102,1401,2,1,1,1,113,85294117.65,3,204,1,2,3
جنت‌آباد جنوبی,14900000000,3,107,1399,2,1,1,1,55,139252336.4,5,214,0,2,3
نارمک جنوبی,7600000000,4,75,1401,2,1,1,1,196,101333333.3,3,150,1,2,2
نیرو هوایی,25000000000,3,180,1399,3,1,1,1,201,138888888.9,5,540,0,2,4
زعفرانیه,40000000000,2,145,1401,3,1,1,1,103,275862069.0,3,435,0,3,3
شمس‌آباد,11800000000,1,92,1388,2,1,1,1,132,128260869.6,16,184,0,2,2
قیطریه,12700000000,3,125,-1,3,0,1,1,177,101600000.0,1405,375,0,2,3
سازمان برنامه,12800000000,5,92,1395,2,1,1,1,109,139130434.8,9,184,1,2,2
لویزان,7700000000,1,75,1388,2,1,1,1,179,102666666.7,16,150,0,2,2
استاد معین,3450000000,1,47,1400,1,1,1,0,14,73404255.32,4,47,0,2,1
جنت‌آباد جنوبی,7000000000,3,73,1383,2,0,1,1,55,95890410.96,21,146,0,2,2
زعفرانیه,14500000000,1,65,1397,1,1,1,1,103,223076923.1,7,65,0,3,2
سازمان برنامه,6900000000,2,52,1390,1,1,1,1,109,132692307.7,14,52,0,2,2
سلسبیل,3530000000,1,47,1384,1,0,1,1,117,75106382.98,20,47,0,2,1
هاشمی,5600000000,1,70,1399,2,1,1,1,203,80000000.0,5,140,0,2,2
گیشا (کوی نصر),11500000000,5,94,1381,2,1,1,1,234,122340425.5,23,188,1,2,2
لویزان,6500000000,2,75,1396,1,1,1,1,179,86666666.67,8,75,0,2,2
امیر بهادر,11234000000,4,137,1402,3,1,1,1,25,82000000.0,2,411,1,2,3
پونک,13200000000,2,90,1390,2,1,1,1,217,146666666.7,14,180,0,2,2
آذربایجان,7200000000,4,77,1397,2,1,1,1,3,93506493.51,7,154,1,2,2
هروی,25500000000,2,173,1397,3,1,1,1,204,147398843.9,7,519,0,2,4
دانشگاه علم و صنعت,14300000000,4,128,1402,3,1,1,1,85,111718750.0,2,384,1,2,3
جنت‌آباد مرکزی,11500000000,5,97,1399,2,1,1,1,57,118556701.0,5,194,1,2,2
کرمان,5900000000,1,56,1402,2,1,1,1,224,105357142.9,2,112,0,2,2
مدائن,6500000000,2,65,1387,2,0,1,1,184,100000000.0,17,130,0,2,2
جنت‌آباد جنوبی,7150000000,2,56,1380,2,0,1,1,55,127678571.4,24,112,0,2,2
شادمهر,6430000000,3,77,1380,2,0,1,1,125,83506493.51,24,154,0,2,2
پونک,4985000000,3,54,1387,1,0,1,1,217,92314814.81,17,54,0,2,2
شاهین,6400000000,4,69,1382,2,0,1,1,129,92753623.19,22,138,0,2,2
پرواز,9400000000,6,92,1384,2,1,1,1,215,102173913.0,20,184,1,2,2
پونک,16300000000,4,115,1403,2,1,1,1,217,141739130.4,1,230,1,2,3
جنت‌آباد جنوبی,21000000000,1,134,1401,3,1,1,1,55,156716417.9,3,402,0,3,3
شهرک غرب,38400000000,2,150,1403,3,1,1,1,147,256000000.0,1,450,0,3,3
هروی,24650000000,4,145,1393,3,1,1,1,204,170000000.0,11,435,1,3,3
کوی فردوس,9000000000,0,113,1382,2,0,1,1,229,79646017.7,22,226,0,2,3
سازمان برنامه,21500000000,5,140,1403,3,1,1,1,109,153571428.6,1,420,1,3,3
شیخ هادی,8200000000,4,92,1391,2,1,1,1,158,89130434.78,13,184,1,2,2
جمال‌زاده,5800000000,2,49,1403,1,1,1,1,53,118367346.9,1,49,0,2,1
مدائن,4600000000,3,65,1378,2,0,1,1,184,70769230.77,26,130,0,2,2
دریاچه شهدای خلیج فارس,8800000000,11,93,1395,2,1,1,1,93,94623655.91,9,186,1,2,2
پونک,25570000000,3,155,1400,2,1,1,1,217,164967741.9,4,310,0,3,4
جنت‌آباد جنوبی,12000000000,4,97,1398,2,1,1,1,55,123711340.2,6,194,1,2,2
سلسبیل,2500000000,0,33,1381,1,0,1,1,117,75757575.76,23,33,0,2,1
نارمک جنوبی,6000000000,2,60,1383,2,0,1,1,196,100000000.0,21,120,0,2,2
پونک,19100000000,7,83,1403,2,1,1,1,217,230120481.9,1,166,1,3,2
نیاوران,30000000000,6,153,1388,3,1,1,1,200,196078431.4,16,459,1,3,4
میرداماد,14700000000,6,97,1382,2,1,1,1,192,151546391.8,22,194,1,3,2
دکتر هوشیار,2750000000,2,35,1380,1,0,1,0,98,78571428.57,24,35,0,2,1
سعادت‌آباد,21000000000,18,135,1388,2,1,1,1,114,155555555.6,16,270,1,3,3
باغ فیض,11500000000,3,95,1393,3,1,1,1,35,121052631.6,11,285,0,2,2
آسمان,27900000000,1,150,1402,3,1,1,1,5,186000000.0,2,450,0,3,3
کوی مهران,5300000000,4,67,1380,2,0,1,1,230,79104477.61,24,134,0,2,2
باغ فیض,6500000000,2,61,1387,1,1,1,1,35,106557377.0,17,61,0,2,2
هروی,28000000000,3,175,1398,3,1,1,1,204,160000000.0,6,525,0,3,4
قیطریه,10200000000,3,70,1397,2,1,1,1,177,145714285.7,7,140,0,2,2
کوی فردوس,7500000000,4,50,1394,1,1,1,1,229,150000000.0,10,50,1,3,1
دیلمان,8860000000,1,111,1399,2,1,1,0,99,79819819.82,5,222,0,2,3
کوی بیمه,5150000000,1,57,1383,1,1,1,1,228,90350877.19,21,57,0,2,2
جیحون,5400000000,3,68,1395,2,1,1,1,61,79411764.71,9,136,0,2,2
نیرو هوایی,25000000000,5,165,1403,3,1,1,1,201,151515151.5,1,495,1,3,4
دروس,25170000000,1,150,1385,3,1,1,1,90,167800000.0,19,450,0,3,3
هروی,36000000000,4,210,1402,3,1,1,1,204,171428571.4,2,630,1,3,5
جیحون,5300000000,1,70,1388,2,0,1,1,61,75714285.71,16,140,0,2,2
خواجه نصیر طوسی,3950000000,2,51,1378,1,0,1,0,81,77450980.39,26,51,0,2,2
هروی,32000000000,4,175,1399,3,1,1,1,204,182857142.9,5,525,1,3,4
بهاران,12100000000,2,112,1392,3,1,1,1,40,108035714.3,12,336,0,2,3
زنجان,5270000000,1,69,1393,2,0,1,1,105,76376811.59,11,138,0,2,2
زعفرانیه,45000000000,2,180,1397,3,1,1,1,103,250000000.0,7,540,0,3,4
جیحون,5060000000,2,65,1391,2,0,1,1,61,77846153.85,13,130,0,2,2
جنت‌آباد مرکزی,6350000000,1,75,1388,2,0,1,1,57,84666666.67,16,150,0,2,2
سلیمانی,2800000000,4,40,1390,1,1,1,1,118,70000000.0,14,40,1,2,1
زنجان,5150000000,1,68,1392,2,0,1,1,105,75735294.12,12,136,0,2,2
جنت‌آباد مرکزی,10700000000,2,94,1388,2,1,1,1,57,113829787.2,16,188,0,2,2
نارمک,18650000000,5,145,1403,3,1,1,1,195,128620689.7,1,435,1,2,3
دروس,13680000000,2,80,1389,2,1,1,1,90,171000000.0,15,160,0,3,2
تهرانپارس غربی,8800000000,5,82,1391,2,1,1,1,46,107317073.2,13,164,1,2,2
هفت چنار,3750000000,3,47,1392,1,1,1,0,206,79787234.04,12,47,0,2,1
جیحون,5190000000,1,66,1390,2,0,1,1,61,78636363.64,14,132,0,2,2
پونک,6300000000,2,60,1392,1,1,1,1,217,105000000.0,12,60,0,2,2
جنت‌آباد مرکزی,7550000000,4,71,1387,2,1,1,1,57,106338028.2,17,142,1,2,2
جردن,32500000000,5,150,1397,3,1,1,1,51,216666666.7,7,450,1,3,3
هاشمی,4500000000,3,53,1392,1,1,1,1,203,84905660.38,12,53,0,2,2
استاد معین,4350000000,1,48,1394,1,1,1,1,14,90625000.0,10,48,0,2,1
ظفر,21170000000,2,145,1390,3,1,1,1,166,146000000.0,14,435,0,2,3
سعادت‌آباد,22500000000,2,116,1384,2,1,1,1,114,193965517.2,20,232,0,3,3
سعادت‌آباد,20000000000,11,138,1386,2,1,1,1,114,144927536.2,18,276,1,2,3
المهدی,7250000000,2,70,1383,2,0,1,1,19,103571428.6,21,140,0,2,2
شریف,9150000000,2,102,1397,2,1,1,1,131,89705882.35,7,204,0,2,3
شهران جنوبی,5350000000,3,68,1385,2,0,1,1,136,78676470.59,19,136,0,2,2
میدان انقلاب,10700000000,10,107,-1,2,1,1,1,190,100000000.0,1405,214,1,2,3
شمس‌آباد,13200000000,1,110,1403,2,1,1,1,132,120000000.0,1,220,0,2,3
امامزاده قاسم,67000000000,3,250,1398,4,1,1,1,23,268000000.0,6,1000,0,3,5
شهرک پرواز,9000000000,3,82,1388,2,1,1,1,151,109756097.6,16,164,0,2,2
شمس‌آباد,11250000000,2,80,1390,2,1,1,1,132,140625000.0,14,160,0,2,2
جنت‌آباد جنوبی,5950000000,2,55,1384,1,0,1,1,55,108181818.2,20,55,0,2,2
جنت‌آباد مرکزی,5490000000,1,62,1395,1,0,1,0,57,88548387.1,9,62,0,2,2
میرداماد,24500000000,4,100,1398,2,1,1,1,192,245000000.0,6,200,1,3,2
شهر زیبا,6500000000,2,58,1387,2,0,1,1,134,112068965.5,17,116,0,2,2
پونک,6800000000,1,63,1388,1,1,1,1,217,107936507.9,16,63,0,2,2
اختیاریه,19000000000,2,115,1403,2,1,1,1,10,165217391.3,1,230,0,3,3
سازمان برنامه,6900000000,0,60,1387,2,0,1,1,109,115000000.0,17,120,0,2,2
مرزداران,10700000000,3,80,1386,2,1,1,1,185,133750000.0,18,160,0,2,2
سپهر,11000000000,3,60,1394,1,1,1,1,122,183333333.3,10,60,0,3,2
پونک,12150000000,4,83,1393,2,1,1,1,217,146385542.2,11,166,1,2,2
سپهر,15300000000,3,85,1388,2,1,1,1,122,180000000.0,16,170,0,3,2
دریاچه شهدای خلیج فارس,7250000000,7,100,1403,2,1,1,1,93,72500000.0,1,200,1,2,2
المهدی,7000000000,4,69,1387,2,0,1,1,19,101449275.4,17,138,0,2,2
مرزداران,18530000000,4,109,1403,2,1,1,1,185,170000000.0,1,218,1,3,3
استاد معین,3770000000,1,47,1385,1,0,1,1,14,80212765.96,19,47,0,2,1
ارم,12000000000,2,80,1389,2,1,1,1,12,150000000.0,15,160,0,3,2
نیاوران,60000000000,7,200,1401,3,1,1,1,200,300000000.0,3,600,1,3,4
سازمان برنامه,7800000000,0,65,1383,2,1,1,0,109,120000000.0,21,130,0,2,2
جنت‌آباد مرکزی,9150000000,3,81,1395,2,1,1,1,57,112962963.0,9,162,0,2,2
سعادت‌آباد,11700000000,1,127,1383,3,0,1,1,114,92125984.25,21,381,0,2,3
جیحون,4200000000,0,58,1388,1,0,1,1,61,72413793.1,16,58,0,2,2
پونک,21990000000,1,127,1403,2,1,1,1,217,173149606.3,1,254,0,3,3
نیلوفر,14000000000,1,98,1383,2,1,1,1,202,142857142.9,21,196,0,2,2
پونک,13600000000,4,100,1403,2,1,1,1,217,136000000.0,1,200,1,2,2
سازمان برنامه,7400000000,2,75,1382,2,0,1,1,109,98666666.67,22,150,0,2,2
شهران جنوبی,13000000000,3,115,1395,2,1,1,1,136,113043478.3,9,230,0,2,3
حکیمیه,5070000000,4,65,1388,1,1,1,1,66,78000000.0,16,65,1,2,2
هفت حوض,6200000000,1,60,1395,2,0,1,1,205,103333333.3,9,120,0,2,2
جنت‌آباد جنوبی,8500000000,2,67,1396,2,1,1,1,55,126865671.6,8,134,0,2,2
دکتر هوشیار,7700000000,1,100,1394,2,1,1,1,98,77000000.0,10,200,0,2,2
مجیدآباد,10800000000,3,114,1387,2,1,1,1,181,94736842.11,17,228,0,2,3
زرگنده,10500000000,1,76,1393,2,1,1,1,102,138157894.7,11,152,0,2,2
قیطریه,15300000000,3,90,1388,2,1,1,1,177,170000000.0,16,180,0,3,2
زعفرانیه,60000000000,4,179,1402,3,1,1,1,103,335195530.7,2,537,1,3,4
چیذر,20500000000,4,114,1397,2,1,1,1,221,179824561.4,7,228,1,3,3
شهرک غرب,20500000000,1,110,1388,2,1,1,1,147,186363636.4,16,220,0,3,3
دریاچه شهدای خلیج فارس,9900000000,1,135,1399,3,1,1,1,93,73333333.33,5,405,0,2,3
استاد معین,3800000000,2,50,1397,1,1,1,1,14,76000000.0,7,50,0,2,1
جنت‌آباد مرکزی,10500000000,2,95,1387,2,0,1,1,57,110526315.8,17,190,0,2,2
زنجان,4200000000,1,58,1386,1,0,1,1,105,72413793.1,18,58,0,2,2
نیرو هوایی,7800000000,2,98,1385,2,1,1,1,201,79591836.73,19,196,0,2,2
جنت‌آباد مرکزی,7500000000,2,57,1387,1,1,1,1,57,131578947.4,17,57,0,2,2
اباذر,13000000000,1,105,1397,3,1,1,1,8,123809523.8,7,315,0,2,3
جنت‌آباد مرکزی,4900000000,3,55,1389,1,0,1,1,57,89090909.09,15,55,0,2,2
شهرک غرب,52000000000,1,230,1398,3,1,1,1,147,226086956.5,6,690,0,3,5
جنت‌آباد جنوبی,11700000000,2,97,1398,2,1,1,1,55,120618556.7,6,194,0,2,2
شهرک ولیعصر,12050000000,1,145,1402,3,1,1,1,149,83103448.28,2,435,0,2,3
قیطریه,38800000000,6,215,1387,3,1,1,1,177,180465116.3,17,645,1,3,5
شهرک نفت (منطقه ۵),8300000000,3,66,1380,2,1,1,1,148,125757575.8,24,132,0,2,2
جیحون,12000000000,6,145,1401,3,1,1,1,61,82758620.69,3,435,1,2,3
سعادت‌آباد,58000000000,5,250,1400,4,1,1,1,114,232000000.0,4,1000,1,3,5
پونک,6950000000,4,56,1384,2,1,1,1,217,124107142.9,20,112,1,2,2
دکتر هوشیار,4300000000,2,44,1403,1,1,1,0,98,97727272.73,1,44,0,2,1
سازمان آب,11800000000,4,90,1397,2,1,1,1,108,131111111.1,7,180,1,2,2
جنت‌آباد مرکزی,14850000000,1,100,1401,2,1,1,1,57,148500000.0,3,200,0,2,2
تهرانپارس شرقی,5300000000,1,65,1382,2,0,1,1,45,81538461.54,22,130,0,2,2
شهران جنوبی,11800000000,5,94,1395,2,1,1,1,136,125531914.9,9,188,1,2,2
مرزداران,23200000000,2,150,1396,3,1,1,1,185,154666666.7,8,450,0,3,3
پونک,12950000000,2,89,1385,2,1,1,1,217,145505618.0,19,178,0,2,2
صادقیه,11800000000,4,109,1398,2,1,1,1,161,108256880.7,6,218,1,2,3
پونک,14000000000,5,100,1400,2,1,1,1,217,140000000.0,4,200,1,2,2
جیحون,4400000000,2,61,1388,2,0,1,1,61,72131147.54,16,122,0,2,2
پونک,8500000000,3,70,1386,2,1,1,1,217,121428571.4,18,140,0,2,2
زعفرانیه,46000000000,4,177,1392,3,1,1,1,103,259887005.6,12,531,1,3,4
پونک,15000000000,3,125,1389,3,1,1,1,217,120000000.0,15,375,0,2,3
سعادت‌آباد,28000000000,2,150,1398,3,1,1,1,114,186666666.7,6,450,0,3,3
حکمت,13200000000,3,63,1397,1,1,1,1,65,209523809.5,7,63,0,3,2
شهرک راه‌آهن,8500000000,4,108,1393,2,1,1,1,142,78703703.7,11,216,1,2,3
ستارخان,16300000000,1,152,1397,3,1,1,1,111,107236842.1,7,456,0,2,4
جنت‌آباد جنوبی,11200000000,2,97,1395,2,1,1,1,55,115463917.5,9,194,0,2,2
صفا,3150000000,1,43,1388,1,0,1,1,163,73255813.95,16,43,0,2,1
جنت‌آباد مرکزی,8500000000,3,80,1394,2,1,1,1,57,106250000.0,10,160,0,2,2
هفت حوض,7300000000,2,67,1383,2,0,1,1,205,108955223.9,21,134,0,2,2
سعادت‌آباد,52500000000,6,220,1385,3,1,1,1,114,238636363.6,19,660,1,3,5
ولنجک,56000000000,2,160,1403,3,1,1,1,210,350000000.0,1,480,0,3,4
نازی‌آباد,7500000000,4,107,1397,2,1,1,0,197,70093457.94,7,214,1,2,3
قیطریه,33000000000,1,170,1403,3,1,1,1,177,194117647.1,1,510,0,3,4
مرزداران,11200000000,1,80,1390,2,1,1,1,185,140000000.0,14,160,0,2,2
قیطریه,15300000000,2,120,1384,3,1,1,1,177,127500000.0,20,360,0,2,3
اختیاریه,18500000000,6,110,1388,2,1,1,1,10,168181818.2,16,220,1,3,3
مرزداران,11200000000,2,85,1390,2,1,1,1,185,131764705.9,14,170,0,2,2
اختیاریه,18000000000,3,110,1403,2,1,1,1,10,163636363.6,1,220,0,3,3
جنت‌آباد مرکزی,7800000000,2,80,1395,2,1,1,1,57,97500000.0,9,160,0,2,2
فاطمی,15000000000,5,95,1401,2,1,1,1,169,157894736.8,3,190,1,3,2
اختیاریه,19100000000,6,110,1388,2,1,1,1,10,173636363.6,16,220,1,3,3
امانیه,35000000000,9,189,1389,4,1,1,1,24,185185185.2,15,756,1,3,4
گیشا (کوی نصر),29500000000,5,171,1401,3,1,1,1,234,172514619.9,3,513,1,3,4
تهران‌سر,3700000000,2,47,1386,1,0,1,1,47,78723404.26,18,47,0,2,1
سازمان برنامه,19000000000,1,165,1382,3,1,1,1,109,115151515.2,22,495,0,2,4
جنت‌آباد شمالی,9000000000,0,125,1385,2,0,1,1,56,72000000.0,19,250,0,2,3
گیشا (کوی نصر),18000000000,4,115,1396,2,1,1,1,234,156521739.1,8,230,1,3,3
فرمانیه,11750000000,2,61,1395,1,1,1,1,172,192622950.8,9,61,0,3,2
استاد معین,3770000000,2,47,1386,1,0,1,1,14,80212765.96,18,47,0,2,1
یوسف‌آباد,18850000000,1,114,1401,2,1,1,1,236,165350877.2,3,228,0,3,3
سازمان برنامه,12850000000,5,92,1397,2,1,1,1,109,139673913.0,7,184,1,2,2
الهیه,52000000000,2,180,1398,3,1,1,1,20,288888888.9,6,540,0,3,4
گیشا (کوی نصر),17000000000,4,106,1401,3,1,1,1,234,160377358.5,3,318,1,3,3
پیروزی,4500000000,4,60,1386,2,1,1,1,218,75000000.0,18,120,1,2,2
وردآورد,5000000000,4,68,1403,1,1,1,1,209,73529411.76,1,68,1,2,2
سلسبیل,3700000000,1,46,1403,1,1,1,1,117,80434782.61,1,46,0,2,1
زنجان,6200000000,3,80,1401,2,1,1,0,105,77500000.0,3,160,0,2,2
نیرو هوایی,6200000000,3,65,1390,2,0,1,0,201,95384615.38,14,130,0,2,2
پونک,7750000000,0,80,1385,2,0,1,1,217,96875000.0,19,160,0,2,2
کامرانیه,52000000000,6,175,1399,3,1,1,1,223,297142857.1,5,525,1,3,4
دروس,65000000000,4,242,1397,3,1,1,1,90,268595041.3,7,726,1,3,5
یوسف‌آباد,12500000000,0,115,1381,2,1,1,1,236,108695652.2,23,230,0,2,3
پاسداران,57500000000,7,250,1395,3,1,1,1,213,230000000.0,9,750,1,3,5
جنت‌آباد مرکزی,13300000000,2,113,1396,2,1,1,1,57,117699115.0,8,226,0,2,3
استاد معین,11000000000,6,115,1403,2,1,1,1,14,95652173.91,1,230,1,2,3
سازمان آب,9000000000,4,88,1390,2,1,1,1,108,102272727.3,14,176,1,2,2
هروی,26000000000,3,112,1402,2,1,1,1,204,232142857.1,2,224,0,3,3
نیلوفر,17000000000,2,110,1395,2,1,1,1,202,154545454.5,9,220,0,3,3
شمس‌آباد,13806000000,3,118,1403,2,1,1,1,132,117000000.0,1,236,0,2,3
شمس‌آباد,13806000000,4,118,1403,2,1,1,1,132,117000000.0,1,236,1,2,3
دزاشیب,34000000000,4,200,1387,4,1,1,1,94,170000000.0,17,800,1,3,4
باغ فیض,7200000000,3,62,1396,1,1,1,1,35,116129032.3,8,62,0,2,2
ونک,18900000000,6,140,-1,3,1,1,1,211,135000000.0,1405,420,1,2,3
باغ فیض,5050000000,3,59,1382,1,0,1,1,35,85593220.34,22,59,0,2,2
ازگل,17500000000,6,110,1403,2,1,1,1,13,159090909.1,1,220,1,3,3
وردآورد,4160000000,2,57,1395,1,1,1,1,209,72982456.14,9,57,0,2,2
استاد معین,7800000000,4,100,1403,2,1,1,1,14,78000000.0,1,200,1,2,2
آذربایجان,4250000000,2,55,1385,1,0,1,1,3,77272727.27,19,55,0,2,2
سعادت‌آباد,23000000000,3,108,1400,2,1,1,1,114,212962963.0,4,216,0,3,3
شهران جنوبی,7400000000,3,85,1384,2,0,1,1,136,87058823.53,20,170,0,2,2
تهرانپارس غربی,7995000000,2,67,1389,2,1,1,1,46,119328358.2,15,134,0,2,2
تهرانپارس غربی,6980000000,2,72,1387,2,0,1,1,46,96944444.44,17,144,0,2,2
آسمان,22000000000,1,117,1403,2,1,1,1,5,188034188.0,1,234,0,3,3
سازمان آب,7400000000,1,62,1383,1,0,1,1,108,119354838.7,21,62,0,2,2
کاظم‌آباد,9500000000,1,85,1397,2,1,1,1,222,111764705.9,7,170,0,2,2
باغ فیض,11500000000,7,115,1400,3,1,1,1,35,100000000.0,4,345,1,2,3
بهار,6500000000,2,65,1396,1,1,1,1,39,100000000.0,8,65,0,2,2
سازمان برنامه,12000000000,1,115,1393,2,1,1,1,109,104347826.1,11,230,0,2,3
یوسف‌آباد,16300000000,1,103,1401,2,1,1,1,236,158252427.2,3,206,0,3,3
سازمان برنامه,9000000000,4,64,1402,2,1,1,1,109,140625000.0,2,128,1,2,2
تهران‌سر,7410000000,4,95,1396,2,1,1,1,47,78000000.0,8,190,1,2,2
جیحون,5200000000,4,62,1403,2,1,1,1,61,83870967.74,1,124,1,2,2
شهرک غرب,36500000000,5,150,1403,3,1,1,1,147,243333333.3,1,450,1,3,3
شهرک راه‌آهن,7000000000,2,70,1387,2,0,1,1,142,100000000.0,17,140,0,2,2
جیحون,3460000000,3,49,1393,1,1,1,1,61,70612244.9,11,49,0,2,1
مدائن,27000000000,4,175,1397,3,1,1,1,184,154285714.3,7,525,1,3,4
شهرک غرب,23000000000,1,170,1383,3,1,1,1,147,135294117.6,21,510,0,2,4
پاسداران,55900000000,1,279,1395,4,1,1,1,213,200358422.9,9,1116,0,3,5
جنت‌آباد شمالی,5600000000,2,50,1384,1,0,1,1,56,112000000.0,20,50,0,2,1
خواجه نصیر طوسی,12500000000,5,110,1400,2,1,1,0,81,113636363.6,4,220,1,2,3
خ یازدهم,6150000000,3,56,1386,1,0,1,1,76,109821428.6,18,56,0,2,2
سلسبیل,3600000000,2,45,1401,1,1,1,0,117,80000000.0,3,45,0,2,1
صد دستگاه,4750000000,2,64,1385,2,0,1,1,162,74218750.0,19,128,0,2,2
قیطریه,25000000000,4,260,-1,4,0,1,1,177,96153846.15,1405,1040,0,2,5
پونک,19500000000,6,125,1403,3,1,1,1,217,156000000.0,1,375,1,3,3
سعادت‌آباد,25500000000,2,143,1387,3,1,1,1,114,178321678.3,17,429,0,3,3
کرمان,7500000000,4,72,1403,1,1,1,0,224,104166666.7,1,72,1,2,2
سازمان برنامه,13700000000,1,120,1395,3,1,1,1,109,114166666.7,9,360,0,2,3
سازمان برنامه,9690000000,1,83,1384,2,1,1,1,109,116746988.0,20,166,0,2,2
استاد معین,4110000000,3,50,1394,1,1,1,1,14,82200000.0,10,50,0,2,1
سعادت‌آباد,67000000000,5,300,1394,4,1,1,1,114,223333333.3,10,1200,1,3,5
کوهک,7600000000,18,100,1403,2,1,1,1,227,76000000.0,1,200,1,2,2
تهرانپارس غربی,14999999999,2,135,1403,3,1,1,1,46,111111111.1,1,405,0,2,3
تهران‌سر,6900000000,1,86,1395,2,1,1,1,47,80232558.14,9,172,0,2,2
آذربایجان,2600000000,3,25,1403,-1,1,1,1,3,104000000.0,1,-25,0,2,1
ظفر,17000000000,2,133,1380,3,1,1,1,166,127819548.9,24,399,0,2,3
نیاوران,69000000000,5,290,1400,4,1,1,1,200,237931034.5,4,1160,1,3,5
باغ فیض,13000000000,4,95,1393,2,1,1,1,35,136842105.3,11,190,1,2,2
تجریش,20000000000,2,133,-1,2,1,1,1,43,150375939.8,1405,266,0,3,3
یوسف‌آباد,46000000000,1,215,1403,4,1,1,1,236,213953488.4,1,860,0,3,5
پونک,10350000000,3,77,1398,2,1,1,1,217,134415584.4,6,154,0,2,2
خواجه نظام الملک,3900000000,1,54,1393,1,1,1,1,82,72222222.22,11,54,0,2,2
جنت‌آباد شمالی,6350000000,2,66,1397,1,1,1,1,56,96212121.21,7,66,0,2,2
جنت‌آباد مرکزی,16000000000,6,121,1395,3,1,1,1,57,132231405.0,9,363,1,2,3
ستارخان,6290000000,2,81,1382,2,0,1,1,111,77654320.99,22,162,0,2,2
جنت‌آباد مرکزی,14000000000,1,105,1403,2,1,1,1,57,133333333.3,1,210,0,2,3
هاشمی,4000000000,3,53,1395,1,1,1,1,203,75471698.11,9,53,0,2,2
فرمانیه,44000000000,4,200,1388,3,1,1,1,172,220000000.0,16,600,1,3,4
یوسف‌آباد,24000000000,3,131,1403,2,1,1,1,236,183206106.9,1,262,0,3,3
اباذر,6997000000,2,65,1385,1,0,1,1,8,107646153.8,19,65,0,2,2
جنت‌آباد مرکزی,20000000000,6,125,1403,3,1,1,1,57,160000000.0,1,375,1,3,3
کامرانیه,45000000000,6,224,1388,3,1,1,1,223,200892857.1,16,672,1,3,5
جیحون,4600000000,1,58,1395,1,1,1,1,61,79310344.83,9,58,0,2,2
هروی,26200000000,2,180,1397,3,1,1,1,204,145555555.6,7,540,0,2,4
جنت‌آباد جنوبی,24000000000,5,170,1403,3,1,1,1,55,141176470.6,1,510,1,2,4
سیدخندان,18000000000,1,97,1401,2,1,1,1,123,185567010.3,3,194,0,3,2
جنت‌آباد مرکزی,15700000000,4,132,1402,3,1,1,1,57,118939393.9,2,396,1,2,3
شهرک راه‌آهن,10500000000,2,138,1395,3,1,1,1,142,76086956.52,9,414,0,2,3
شهرآرا,21300000000,5,143,1400,3,1,1,1,135,148951049.0,4,429,1,2,3
شاهین,20625000000,3,125,1403,3,1,1,1,129,165000000.0,1,375,0,3,3
جیحون,4700000000,2,60,1403,1,1,1,0,61,78333333.33,1,60,0,2,2
هروی,19000000000,3,115,1393,2,1,1,1,204,165217391.3,11,230,0,3,3
کامرانیه,48000000000,2,220,1385,4,1,1,1,223,218181818.2,19,880,0,3,5
پونک,19775000000,2,113,1403,2,1,1,1,217,175000000.0,1,226,0,3,3
استاد معین,5400000000,3,75,1395,2,1,1,1,14,72000000.0,9,150,0,2,2
پونک,11000000000,2,75,1400,2,1,1,1,217,146666666.7,4,150,0,2,2
جنت‌آباد مرکزی,18000000000,4,130,1403,3,1,1,1,57,138461538.5,1,390,1,2,3
استاد معین,4450000000,1,50,1403,1,1,1,1,14,89000000.0,1,50,0,2,1
سنایی,19500000000,3,120,1403,3,1,1,1,119,162500000.0,1,360,0,3,3
جنت‌آباد شمالی,65000000000,4,402,1403,4,1,1,1,56,161691542.3,1,1608,1,3,5
پونک,9150000000,1,72,1386,2,0,1,1,217,127083333.3,18,144,0,2,2
پونک,8400000000,2,67,1386,2,1,1,1,217,125373134.3,18,134,0,2,2
استاد معین,8300000000,5,105,1395,2,1,1,1,14,79047619.05,9,210,1,2,3
سعادت‌آباد,11000000000,4,62,1388,1,1,1,1,114,177419354.8,16,62,1,3,2
شهرک راه‌آهن,10500000000,1,110,1388,2,0,1,1,142,95454545.45,16,220,0,2,3
یوسف‌آباد,16500000000,4,120,1393,3,1,1,1,236,137500000.0,11,360,1,2,3
نازی‌آباد,4060000000,5,58,1400,1,1,1,0,197,70000000.0,4,58,1,2,2
مرزداران,22000000000,4,120,1403,2,1,1,1,185,183333333.3,1,240,1,3,3
تهرانپارس غربی,5250000000,4,73,1382,2,0,1,1,46,71917808.22,22,146,0,2,2
یوسف‌آباد,30000000000,3,166,1398,3,1,1,1,236,180722891.6,6,498,0,3,4
استاد معین,4750000000,3,56,1397,1,1,1,1,14,84821428.57,7,56,0,2,2
سلسبیل,35000000002,3,53,1390,1,0,1,1,117,660377358.5,14,53,0,3,2
سعادت‌آباد,23000000000,2,115,1403,2,1,1,1,114,200000000.0,1,230,0,3,3
افسریه,8000000000,4,105,1403,2,1,1,1,17,76190476.19,1,210,1,2,3
استاد معین,7200000000,2,86,1402,2,1,1,1,14,83720930.23,2,172,0,2,2
صادقیه,5995000000,2,70,1385,1,0,1,1,161,85642857.14,19,70,0,2,2
پونک,13500000000,3,76,1401,2,1,1,1,217,177631578.9,3,152,0,3,2
فاطمی,18600000000,1,120,1396,3,1,1,1,169,155000000.0,8,360,0,3,3
باغ فیض,11400000000,2,72,1403,2,1,1,1,35,158333333.3,1,144,0,3,2
فدک,6660000000,2,60,1393,2,0,1,1,170,111000000.0,11,120,0,2,2
شهران شمالی,10000000000,3,97,1393,2,1,1,1,137,103092783.5,11,194,0,2,2
مرزداران,29500000000,4,135,1402,3,1,1,1,185,218518518.5,2,405,1,3,3
آبشار تهران,5500000000,1,69,1387,1,1,1,1,1,79710144.93,17,69,0,2,2
باغ فیض,8700000000,1,80,1383,2,1,1,1,35,108750000.0,21,160,0,2,2
جیحون,5350000000,1,72,1395,2,1,1,1,61,74305555.56,9,144,0,2,2
شهران شمالی,10300000000,5,90,1397,2,1,1,1,137,114444444.4,7,180,1,2,2
زنجان,5375000000,3,56,1403,2,1,1,1,105,95982142.86,1,112,0,2,2
یوسف‌آباد,7600000000,2,54,1380,1,1,1,1,236,140740740.7,24,54,0,2,2
تهرانپارس شرقی,6300000000,1,75,1393,2,1,1,1,45,84000000.0,11,150,0,2,2
پونک,24000000000,1,151,1403,3,1,1,1,217,158940397.4,1,453,0,3,4
سهروردی,11700000000,1,98,1398,2,1,1,1,120,119387755.1,6,196,0,2,2
تهران‌سر,6700000000,3,76,1395,2,1,1,1,47,88157894.74,9,152,0,2,2
مرزداران,6500000000,2,61,1385,1,0,1,1,185,106557377.0,19,61,0,2,2
سازمان برنامه,7200000000,3,60,1398,1,1,1,1,109,120000000.0,6,60,0,2,2
هفت حوض,15700000000,2,100,1403,2,1,1,1,205,157000000.0,1,200,0,3,2
دروس,19000000000,2,100,1403,2,1,1,1,90,190000000.0,1,200,0,3,2
درب دوم,9600000000,1,60,1380,2,0,1,1,86,160000000.0,24,120,0,3,2
سهروردی,19990000000,2,145,1401,3,1,1,1,120,137862069.0,3,435,0,2,3
دکتر هوشیار,10300000000,3,106,1403,2,1,1,1,98,97169811.32,1,212,0,2,3
پونک,15300000000,2,78,1393,2,1,1,1,217,196153846.2,11,156,0,3,2
کوی فردوس,17000000000,6,100,1398,2,1,1,1,229,170000000.0,6,200,1,3,2
پاسداران,14300000000,3,127,1386,2,1,1,1,213,112598425.2,18,254,0,2,3
پونک,12550000000,3,80,1389,2,1,1,1,217,156875000.0,15,160,0,3,2
توحید,8000000000,3,73,1389,2,1,1,1,50,109589041.1,15,146,0,2,2
پلیس,6190000000,4,77,1383,2,0,1,1,216,80389610.39,21,154,0,2,2
استاد معین,11200000000,5,126,1403,3,1,1,1,14,88888888.89,1,378,1,2,3
پونک,14200000000,5,93,1397,2,1,1,1,217,152688172.0,7,186,1,3,2
جنت‌آباد شمالی,26500000000,4,165,1403,3,1,1,1,56,160606060.6,1,495,1,3,4
شهر زیبا,8600000000,5,115,1403,3,1,1,1,134,74782608.7,1,345,1,2,3
شهران شمالی,15800000000,5,127,1394,3,1,1,1,137,124409448.8,10,381,1,2,3
پونک,23000000000,3,127,1403,2,1,1,1,217,181102362.2,1,254,0,3,3
پلیس,9890000000,2,114,1383,2,0,1,1,216,86754385.96,21,228,0,2,3
عباس‌آباد,11700000000,2,128,-1,2,1,1,1,168,91406250.0,1405,256,0,2,3
دریاچه شهدای خلیج فارس,12300000000,18,144,1396,2,1,1,1,93,85416666.67,8,288,1,2,3
شهرک پرواز,8500000000,2,85,1384,2,0,1,1,151,100000000.0,20,170,0,2,2
جنت‌آباد مرکزی,7500000000,1,65,1383,2,0,1,1,57,115384615.4,21,130,0,2,2
دریاچه شهدای خلیج فارس,15000000000,10,133,1401,2,1,1,1,93,112781954.9,3,266,1,2,3
ظفر,21250000000,4,120,1402,2,1,1,1,166,177083333.3,2,240,1,3,3
تهرانپارس غربی,15000000000,2,150,1395,3,1,1,1,46,100000000.0,9,450,0,2,3
جلفا,11000000000,4,135,1375,3,0,1,1,52,81481481.48,29,405,0,2,3
باغ فیض,12100000000,1,120,1395,3,1,1,1,35,100833333.3,9,360,0,2,3
شهرک راه‌آهن,14200000000,1,115,1403,2,1,1,1,142,123478260.9,1,230,0,2,3
پونک,12300000000,4,74,1403,2,1,1,1,217,166216216.2,1,148,1,3,2
سازمان برنامه,9300000000,1,89,1382,2,0,1,1,109,104494382.0,22,178,0,2,2
سعادت‌آباد,11200000000,2,70,1400,2,1,1,1,114,160000000.0,4,140,0,3,2
شمس‌آباد,14010000000,5,118,1403,3,1,1,1,132,118728813.6,1,354,1,2,3
شهرک غرب,14000000000,2,96,1386,2,1,1,1,147,145833333.3,18,192,0,2,2
میدان ولیعصر,6120000000,1,68,1380,1,1,1,1,191,90000000.0,24,68,0,2,2
ظفر,24900000000,4,158,1390,3,1,1,1,166,157594936.7,14,474,1,3,4
دکتر هوشیار,6500000000,4,80,1395,2,1,1,0,98,81250000.0,9,160,1,2,2
دریاچه شهدای خلیج فارس,8500000000,3,113,1390,2,1,1,1,93,75221238.94,14,226,0,2,3
سازمان برنامه,14000000000,5,100,1400,2,1,1,1,109,140000000.0,4,200,1,2,2
پونک,15000000000,4,95,1395,2,1,1,1,217,157894736.8,9,190,1,3,2
کوی فردوس,11500000000,3,70,1399,2,1,1,1,229,164285714.3,5,140,0,3,2
جنت‌آباد جنوبی,17500000000,5,123,1395,3,1,1,1,55,142276422.8,9,369,1,2,3
کوی فردوس,7700000000,0,71,1380,2,0,1,1,229,108450704.2,24,142,0,2,2
شهرک راه‌آهن,13200000000,3,108,1403,2,1,1,1,142,122222222.2,1,216,0,2,3
مرزداران,16500000000,3,100,1404,2,1,1,1,185,165000000.0,0,200,0,3,2
جنت‌آباد مرکزی,13000000000,4,109,1396,2,1,1,1,57,119266055.0,8,218,1,2,3
سازمان برنامه,6050000000,4,85,1382,2,0,1,1,109,71176470.59,22,170,0,2,2
المهدی,13800000000,1,135,1393,3,1,1,1,19,102222222.2,11,405,0,2,3
پاسداران,42000000000,3,150,1403,3,1,1,1,213,280000000.0,1,450,0,3,3
شهرک راه‌آهن,33000000000,3,185,1403,3,1,1,1,142,178378378.4,1,555,0,3,4
دریاچه شهدای خلیج فارس,10170000000,19,113,1390,2,1,1,1,93,90000000.0,14,226,1,2,3
سازمان برنامه,7730000000,1,74,1385,2,0,1,1,109,104459459.5,19,148,0,2,2
پلیس,5070000000,3,65,1381,1,0,1,1,216,78000000.0,23,65,0,2,2
دریاچه شهدای خلیج فارس,19240000000,2,145,1400,3,1,1,1,93,132689655.2,4,435,0,2,3
میرداماد,33500000000,4,145,1403,3,1,1,1,192,231034482.8,1,435,1,3,3
تهرانپارس شرقی,3800000000,3,47,1396,1,1,1,1,45,80851063.83,8,47,0,2,1
پونک,14200000000,5,79,1403,2,1,1,1,217,179746835.4,1,158,1,3,2
جنت‌آباد جنوبی,13000000000,2,94,1403,2,1,1,1,55,138297872.3,1,188,0,2,2
یوسف‌آباد,14200000000,2,113,1373,2,1,1,1,236,125663716.8,31,226,0,2,3
مرزداران,14190000000,5,66,1403,1,1,1,1,185,215000000.0,1,66,1,3,2
یوسف‌آباد,57200000000,4,260,1403,4,1,1,1,236,220000000.0,1,1040,1,3,5
دریاچه شهدای خلیج فارس,15000000000,4,143,1401,3,1,1,1,93,104895104.9,3,429,1,2,3
دریاچه شهدای خلیج فارس,10000000000,3,90,1403,2,1,1,1,93,111111111.1,1,180,0,2,2
سازمان برنامه,8100000000,5,70,1389,2,1,1,1,109,115714285.7,15,140,1,2,2
نیاوران,37000000000,4,150,1403,3,1,1,1,200,246666666.7,1,450,1,3,3
چیتگر,9000000000,10,95,1400,2,1,1,1,220,94736842.11,4,190,1,2,2
یوسف‌آباد,31000000000,3,176,1396,3,1,1,1,236,176136363.6,8,528,0,3,4
شاهین,19800000000,3,145,1394,3,1,1,1,129,136551724.1,10,435,0,2,3
نارمک,6850000000,3,73,1396,2,1,1,1,195,93835616.44,8,146,0,2,2
کوهک,14000000000,15,130,1398,2,1,1,1,227,107692307.7,6,260,1,2,3
پیروزی,4800000000,4,62,1389,2,1,1,1,218,77419354.84,15,124,1,2,2
امیرآباد,15840000000,1,110,1394,2,1,1,1,26,144000000.0,10,220,0,2,3
یوسف‌آباد,15700000000,2,117,1382,2,1,1,1,236,134188034.2,22,234,0,2,3
امیرآباد,50000000000,2,240,1402,4,1,1,1,26,208333333.3,2,960,0,3,5
آجودانیه,19900000000,1,105,1379,2,0,1,1,2,189523809.5,25,210,0,3,3
جنت‌آباد مرکزی,5450000000,1,60,1387,1,0,1,1,57,90833333.33,17,60,0,2,2
سعادت‌آباد,29000000000,2,160,1403,3,1,1,1,114,181250000.0,1,480,0,3,4
کوی بیمه,6000000000,2,51,1388,1,1,1,1,228,117647058.8,16,51,0,2,2
امیرآباد,20350000000,2,110,1403,2,1,1,1,26,185000000.0,1,220,0,3,3
سعادت‌آباد,30000000000,11,155,1403,3,1,1,1,114,193548387.1,1,465,1,3,4
مرزداران,14620000000,6,68,1403,1,1,1,1,185,215000000.0,1,68,1,3,2
تهرانپارس غربی,4800000000,3,45,1385,1,1,1,1,46,106666666.7,19,45,0,2,1
نیاوران,9800000000,0,70,1397,1,1,1,1,200,140000000.0,7,70,0,2,2
ستارخان,4900000000,3,60,1384,1,0,1,1,111,81666666.67,20,60,0,2,2
فرمانیه,50000000000,6,185,1402,3,1,1,1,172,270270270.3,2,555,1,3,4
اقدسیه,48000000000,1,185,1398,3,1,1,1,18,259459459.5,6,555,0,3,4
سازمان برنامه,7450000000,3,58,1397,1,1,1,1,109,128448275.9,7,58,0,2,2
هاشمی,6200000000,1,85,1400,2,1,1,0,203,72941176.47,4,170,0,2,2
سازمان برنامه,8700000000,1,76,1385,2,0,1,1,109,114473684.2,19,152,0,2,2
باغ فیض,17245000000,3,115,1398,2,1,1,1,35,149956521.7,6,230,0,2,3
سیدخندان,12000000000,4,95,1387,2,1,1,1,123,126315789.5,17,190,1,2,2
اختیاریه,12700000000,2,70,1393,2,1,1,1,10,181428571.4,11,140,0,3,2
اختیاریه,26500000000,1,165,1402,3,1,1,1,10,160606060.6,2,495,0,3,4
باغ فیض,10600000000,2,91,1387,3,1,1,1,35,116483516.5,17,273,0,2,2
جنت‌آباد جنوبی,7250000000,5,82,1386,2,1,1,1,55,88414634.15,18,164,1,2,2
قیطریه,18200000000,4,110,1388,2,1,1,1,177,165454545.5,16,220,1,3,3
شهرک پرواز,7220000000,3,84,1384,2,0,1,1,151,85952380.95,20,168,0,2,2
صادقیه,8800000000,4,84,1386,2,1,1,1,161,104761904.8,18,168,1,2,2
کوی فردوس,13900000000,4,113,1393,2,1,1,1,229,123008849.6,11,226,1,2,3
قیطریه,26800000000,4,115,1397,2,1,1,1,177,233043478.3,7,230,1,3,3
هروی,20000000000,1,158,1390,3,1,1,1,204,126582278.5,14,474,0,2,4
پونک,12450000000,2,75,1390,2,1,1,1,217,166000000.0,14,150,0,3,2
کوی فردوس,18500000000,1,130,1398,3,1,1,1,229,142307692.3,6,390,0,2,3
شهرک راه‌آهن,22500000000,3,150,1403,3,1,1,1,142,150000000.0,1,450,0,3,3
سازمان برنامه,18700000000,5,132,1403,3,1,1,1,109,141666666.7,1,396,1,2,3
سعادت‌آباد,39000000000,4,160,1392,3,1,1,1,114,243750000.0,12,480,1,3,4
جنت‌آباد شمالی,9500000000,2,86,1391,2,1,1,1,56,110465116.3,13,172,0,2,2
سعادت‌آباد,32000000000,3,135,1395,3,1,1,1,114,237037037.0,9,405,0,3,3
کوی فردوس,4950000000,3,52,1389,1,0,1,1,229,95192307.69,15,52,0,2,2
جنت‌آباد مرکزی,15000000000,4,116,1403,2,1,1,1,57,129310344.8,1,232,1,2,3
پونک,6100000000,2,60,1385,1,0,1,1,217,101666666.7,19,60,0,2,2
شهرک راه‌آهن,13000000000,13,127,1402,2,1,1,1,142,102362204.7,2,254,1,2,3
اقدسیه,46000000000,5,200,1393,3,1,1,1,18,230000000.0,11,600,1,3,4
شهران جنوبی,8670000000,5,85,1404,2,1,1,1,136,102000000.0,0,170,1,2,2
جنت‌آباد مرکزی,8000000000,2,80,1389,2,1,1,1,57,100000000.0,15,160,0,2,2
حکیمیه,14850000000,6,135,1395,3,1,1,1,66,110000000.0,9,405,1,2,3
دانشگاه شریف,4800000000,1,43,1400,1,1,1,1,84,111627907.0,4,43,0,2,1
سازمان برنامه,12700000000,1,100,1396,2,1,1,1,109,127000000.0,8,200,0,2,2
سازمان آب,11000000000,3,125,1385,2,1,1,1,108,88000000.0,19,250,0,2,3
شهرآرا,9900000000,3,95,1380,2,1,1,1,135,104210526.3,24,190,0,2,2
سعادت‌آباد,34500000000,4,140,1400,3,1,1,1,114,246428571.4,4,420,1,3,3
نارمک,9190000000,4,85,1400,2,1,1,1,195,108117647.1,4,170,1,2,2
جنت‌آباد شمالی,6150000000,1,45,1385,1,0,1,0,56,136666666.7,19,45,0,2,1
پونک,10300000000,4,90,1393,2,1,1,1,217,114444444.4,11,180,1,2,2
هفت حوض,5300000000,1,56,1391,1,0,1,1,205,94642857.14,13,56,0,2,2
شهر‌زیبا,8000000000,1,85,1398,2,1,1,1,154,94117647.06,6,170,0,2,2
اباذر,8750000000,1,68,1392,1,1,1,1,8,128676470.6,12,68,0,2,2
کوهک,18000000000,30,197,1403,3,1,1,1,227,91370558.38,1,591,1,2,4
سازمان آب,12000000000,3,105,1387,2,1,1,1,108,114285714.3,17,210,0,2,3
نارمک,9790000000,5,70,1403,2,1,1,1,195,139857142.9,1,140,1,2,2
ایران,12500000000,5,120,1390,2,1,1,1,30,104166666.7,14,240,1,2,3
المهدی,5500000000,3,66,1384,1,1,1,1,19,83333333.33,20,66,0,2,2
نارمک,5000000000,2,43,1395,1,0,1,0,195,116279069.8,9,43,0,2,1
جنت‌آباد جنوبی,15000000000,4,100,1403,2,1,1,1,55,150000000.0,1,200,1,3,2
جیحون,6600000000,2,90,1403,2,1,1,1,61,73333333.33,1,180,0,2,2
آجودانیه,25800000000,5,155,1395,3,1,1,1,2,166451612.9,9,465,1,3,4
دریا,32500000000,2,130,1403,3,1,1,1,92,250000000.0,1,390,0,3,3
پونک,12300000000,4,78,1403,2,1,1,0,217,157692307.7,1,156,1,3,2
پاسداران,55750000000,2,225,1404,3,1,1,1,213,247777777.8,0,675,0,3,5
پاسداران,36000000000,4,165,1402,3,1,1,1,213,218181818.2,2,495,1,3,4
مرزداران,49200000000,1,223,1401,3,1,1,1,185,220627802.7,3,669,0,3,5
سازمان برنامه,10500000000,1,125,1385,2,1,1,1,109,84000000.0,19,250,0,2,3
نیرو هوایی,20160000000,1,160,1398,3,1,1,1,201,126000000.0,6,480,0,2,4
سازمان برنامه,13800000000,2,100,1395,2,1,1,1,109,138000000.0,9,200,0,2,2
شهرک صدرا,16000000000,5,136,1393,3,1,1,1,145,117647058.8,11,408,1,2,3
پونک,12500000000,2,79,1403,2,1,1,1,217,158227848.1,1,158,0,3,2
یوسف‌آباد,18650000000,3,113,1403,2,1,1,1,236,165044247.8,1,226,0,3,3
جنت‌آباد جنوبی,6080000000,4,68,1381,2,0,1,1,55,89411764.71,23,136,0,2,2
اباذر,12898000000,4,75,1404,2,1,1,1,8,171973333.3,0,150,1,3,2
سعادت‌آباد,23500000000,1,138,1385,3,1,1,1,114,170289855.1,19,414,0,3,3
مجیدآباد,10480000000,3,115,1388,2,1,1,1,181,91130434.78,16,230,0,2,3
تسلیحات,6100000000,3,58,1401,1,1,1,1,44,105172413.8,3,58,0,2,2
سعادت‌آباد,32000000000,5,125,1403,2,1,1,1,114,256000000.0,1,250,1,3,3
دروس,49000000000,2,175,1403,3,1,1,1,90,280000000.0,1,525,0,3,4
آسمان,18000000000,3,92,1403,2,1,1,1,5,195652173.9,1,184,0,3,2
پاسداران,30000000000,2,130,1403,3,1,1,1,213,230769230.8,1,390,0,3,3
جنت‌آباد مرکزی,16400000000,3,130,1401,3,1,1,1,57,126153846.2,3,390,0,2,3
گیشا (کوی نصر),17000000000,4,93,1392,2,1,1,1,234,182795698.9,12,186,1,3,2
محمودیه,40500000000,1,161,1392,3,1,1,1,182,251552795.0,12,483,0,3,4
حکیمیه,8330000000,6,98,1403,2,1,1,1,66,85000000.0,1,196,1,2,2
جمال‌زاده,3250000000,3,46,1385,1,0,1,1,53,70652173.91,19,46,0,2,1
مرزداران,16800000000,4,86,1403,2,1,1,1,185,195348837.2,1,172,1,3,2
گیشا (کوی نصر),32500000000,3,165,1402,3,1,1,1,234,196969697.0,2,495,0,3,4
آسمان,22000000000,4,116,1403,3,1,1,1,5,189655172.4,1,348,1,3,3
مرزداران,16200000000,4,92,1395,2,1,1,1,185,176086956.5,9,184,1,3,2
دروس,63000000000,4,310,1389,4,1,1,1,90,203225806.5,15,1240,1,3,5
کامرانیه,38000000000,5,170,1396,3,1,1,1,223,223529411.8,8,510,1,3,4
هروی,10400000000,1,75,1390,1,1,1,1,204,138666666.7,14,75,0,2,2
کوی فردوس,8450000000,9,93,1404,2,1,1,1,229,90860215.05,0,186,1,2,2
اختیاریه,18000000000,5,125,1388,2,1,1,1,10,144000000.0,16,250,1,2,3
شهر‌زیبا,8800000000,4,73,1402,2,1,1,1,154,120547945.2,2,146,1,2,2
آهنگ,5000000000,3,70,1382,2,0,1,1,6,71428571.43,22,140,0,2,2
هروی,33000000000,2,165,1403,3,1,1,1,204,200000000.0,1,495,0,3,4
جنت‌آباد جنوبی,7900000000,4,92,1384,2,0,1,1,55,85869565.22,20,184,0,2,2
ارم,8700000000,4,60,1404,2,1,1,1,12,145000000.0,0,120,1,2,2
پونک,10000000000,1,132,1390,2,1,1,1,217,75757575.76,14,264,0,2,3
جنت‌آباد مرکزی,5000000000,3,55,1389,1,0,1,1,57,90909090.91,15,55,0,2,2
دریاچه شهدای خلیج فارس,11000000000,20,137,1403,3,1,1,1,93,80291970.8,1,411,1,2,3
جنت‌آباد جنوبی,4700000000,2,59,1389,1,0,1,1,55,79661016.95,15,59,0,2,2
باغ فیض,10100000000,4,86,1388,2,1,1,1,35,117441860.5,16,172,1,2,2
آبشار,15000000000,2,125,1403,3,1,1,1,0,120000000.0,1,375,0,2,3
الهیه,33500000000,3,130,1390,2,1,1,1,20,257692307.7,14,260,0,3,3
هروی,13150000000,3,99,1400,2,1,1,1,204,132828282.8,4,198,0,2,2
دروس,68000000000,5,300,1388,4,1,1,1,90,226666666.7,16,1200,1,3,5
عباس‌آباد,9600000000,3,79,1388,2,1,1,1,168,121518987.3,16,158,0,2,2
باغ فیض,7630000000,1,63,1394,1,1,1,1,35,121111111.1,10,63,0,2,2
باغ فیض,9150000000,4,76,1393,2,1,1,1,35,120394736.8,11,152,1,2,2
مرزداران,12200000000,5,81,1392,2,1,1,1,185,150617284.0,12,162,1,3,2
شهرک نفت (منطقه ۵),14500000000,5,100,1403,2,1,1,1,148,145000000.0,1,200,1,2,2
چیذر,16000000000,1,110,1403,2,1,1,1,221,145454545.5,1,220,0,2,3
پونک,7400000000,1,67,1390,1,1,1,1,217,110447761.2,14,67,0,2,2
قیطریه,18000000000,1,103,1399,2,1,1,1,177,174757281.6,5,206,0,3,3
پونک,16750000000,1,135,1386,3,1,1,1,217,124074074.1,18,405,0,2,3
نیاوران,8800000000,1,60,1380,1,0,1,1,200,146666666.7,24,60,0,2,2
ظفر,15600000000,0,125,1387,3,1,1,1,166,124800000.0,17,375,0,2,3
مرزداران,16100000000,3,97,1395,2,1,1,1,185,165979381.4,9,194,0,3,2
نیاوران,34500000000,3,150,1397,3,1,1,1,200,230000000.0,7,450,0,3,3
دریا,24000000000,1,110,1400,2,1,1,1,92,218181818.2,4,220,0,3,3
خ چهره خند,8250000000,1,81,1390,2,1,1,1,75,101851851.9,14,162,0,2,2
دریاچه شهدای خلیج فارس,13500000000,7,162,1397,3,1,1,1,93,83333333.33,7,486,1,2,4
فرمانیه,23000000000,2,116,1398,2,1,1,1,172,198275862.1,6,232,0,3,3
ونک,35500000000,4,212,1385,3,1,1,1,211,167452830.2,19,636,1,3,5
خ توکلی,14500000000,5,92,1390,2,1,1,1,69,157608695.7,14,184,1,3,2
دکتر هوشیار,4800000000,4,62,1403,1,1,1,1,98,77419354.84,1,62,1,2,2
حسین‌آباد,15800000000,2,98,1388,2,1,1,1,62,161224489.8,16,196,0,3,2
کوهک,12300000000,18,126,1402,2,1,1,1,227,97619047.62,2,252,1,2,3
سلسبیل,10200000000,3,110,1403,3,1,1,1,117,92727272.73,1,330,0,2,3
جنت‌آباد مرکزی,5100000000,3,65,1384,1,0,1,1,57,78461538.46,20,65,0,2,2
تهرانپارس غربی,5900000000,2,65,1386,1,0,1,1,46,90769230.77,18,65,0,2,2
نیرو هوایی,8200000000,2,94,1381,2,0,1,1,201,87234042.55,23,188,0,2,2
خ شهید باکری,8200000000,1,72,1399,2,1,1,0,70,113888888.9,5,144,0,2,2
جنت‌آباد جنوبی,13000000000,3,90,1403,2,1,1,1,55,144444444.4,1,180,0,2,2
زعفرانیه,68000000000,4,190,1400,3,1,1,0,103,357894736.8,4,570,1,3,4
قیطریه,30000000000,4,178,1389,3,1,1,1,177,168539325.8,15,534,1,3,4
نیاوران,19400000000,2,110,1383,2,1,1,1,200,176363636.4,21,220,0,3,3
کوی فردوس,14500000000,4,110,1395,2,1,1,1,229,131818181.8,9,220,1,2,3
پونک,16500000000,2,95,1403,2,1,1,1,217,173684210.5,1,190,0,3,2
سازمان برنامه,14000000000,6,108,1400,2,1,1,1,109,129629629.6,4,216,1,2,3
المهدی,7000000000,4,68,1390,2,0,1,1,19,102941176.5,14,136,0,2,2
جیحون,3630000000,1,42,1391,1,1,1,1,61,86428571.43,13,42,0,2,1
اقدسیه,62000000000,3,220,1400,3,1,1,1,18,281818181.8,4,660,0,3,5
نیاوران,16800000000,1,70,1393,2,1,1,1,200,240000000.0,11,140,0,3,2
کوهک,14500000000,8,138,1397,3,1,1,1,227,105072463.8,7,414,1,2,3
دکتر هوشیار,6750000000,3,80,1402,2,1,1,1,98,84375000.0,2,160,0,2,2
یوسف‌آباد,19850000000,2,123,1394,3,1,1,1,236,161382113.8,10,369,0,3,3
دکتر هوشیار,3900000000,1,53,1385,1,0,1,1,98,73584905.66,19,53,0,2,2
دریاچه شهدای خلیج فارس,9800000000,1,135,1390,3,0,1,1,93,72592592.59,14,405,0,2,3
استاد معین,4280000000,1,58,1399,1,1,1,1,14,73793103.45,5,58,0,2,2
کوی فردوس,13700000000,4,110,1394,2,1,1,1,229,124545454.5,10,220,1,2,3
مرزداران,12850000000,4,90,1394,1,1,1,1,185,142777777.8,10,90,1,2,2
سلسبیل,2280000000,0,31,1380,1,0,1,1,117,73548387.1,24,31,0,2,1
سعادت‌آباد,26000000000,2,130,1388,2,1,1,1,114,200000000.0,16,260,0,3,3
جنت‌آباد جنوبی,6100000000,1,60,1383,1,0,1,1,55,101666666.7,21,60,0,2,2
قیطریه,10800000000,1,70,1395,2,1,1,1,177,154285714.3,9,140,0,3,2
جیحون,2280000000,0,31,1380,1,0,1,1,61,73548387.1,24,31,0,2,1
سازمان برنامه,8400000000,1,75,1383,2,1,1,1,109,112000000.0,21,150,0,2,2
سعادت‌آباد,30000000000,5,163,1390,3,1,1,1,114,184049079.8,14,489,1,3,4
پاسداران,24600000000,3,107,1403,2,1,1,1,213,229906542.1,1,214,0,3,3
پاسداران,21000000000,4,135,1403,3,1,1,1,213,155555555.6,1,405,1,3,3
شادمهر,6100000000,2,55,1401,1,1,1,1,125,110909090.9,3,55,0,2,2
پاسداران,34700000000,2,162,1392,3,1,1,1,213,214197530.9,12,486,0,3,4
اباذر,50000000000,3,235,1402,3,1,1,1,8,212765957.4,2,705,0,3,5
نصرت,10650000000,3,80,1403,2,1,1,1,198,133125000.0,1,160,0,2,2
ظفر,15950000000,4,103,1385,2,1,1,1,166,154854368.9,19,206,1,3,3
مدائن,10300000000,4,90,1390,2,1,1,1,184,114444444.4,14,180,1,2,2
اختیاریه,30000000000,4,176,1388,3,1,1,1,10,170454545.5,16,528,1,3,4
سازمان آب,6300000000,3,69,1386,2,1,1,1,108,91304347.83,18,138,0,2,2
جنت‌آباد شمالی,11300000000,4,95,1401,2,1,1,1,56,118947368.4,3,190,1,2,2
مدائن,15000000000,1,150,1402,3,1,1,1,184,100000000.0,2,450,0,2,3
سازمان برنامه,14400000000,4,90,1403,2,1,1,1,109,160000000.0,1,180,1,3,2
دروس,49400000000,4,130,1403,2,1,1,1,90,380000000.0,1,260,1,3,3
دروس,49110000000,5,170,1404,3,1,1,1,90,288882352.9,0,510,1,3,4
زنجان,6250000000,5,60,1403,1,1,1,1,105,104166666.7,1,60,1,2,2
امامزاده قاسم,58000000000,5,285,1387,3,1,1,1,23,203508771.9,17,855,1,3,5
قیطریه,55500000000,3,258,1402,4,1,1,1,177,215116279.1,2,1032,0,3,5
سرو آزاد,12960000000,23,144,1399,2,1,1,1,113,90000000.0,5,288,1,2,3
باغ فیض,6400000000,3,57,1385,2,1,1,1,35,112280701.8,19,114,0,2,2
هروی,20400000000,5,134,1400,3,1,1,1,204,152238806.0,4,402,1,3,3
پاتریس لومومبا,16000000000,4,148,1386,3,1,1,1,212,108108108.1,18,444,1,2,3
قیطریه,32800000000,3,164,1390,3,1,1,1,177,200000000.0,14,492,0,3,4
مرزداران,21500000000,2,121,1395,2,1,1,1,185,177685950.4,9,242,0,3,3
مرزداران,15000000000,2,90,1378,2,0,1,0,185,166666666.7,26,180,0,3,2
دروس,50000000000,5,150,1393,3,1,1,1,90,333333333.3,11,450,1,3,3
کوی مهران,15000000000,1,140,1385,3,1,1,1,230,107142857.1,19,420,0,2,3
پونک,12600000000,3,90,1393,2,1,1,1,217,140000000.0,11,180,0,2,2
تهرانپارس غربی,10500000000,2,89,1403,2,1,1,1,46,117977528.1,1,178,0,2,2
دروس,30000000000,2,165,1390,3,1,1,1,90,181818181.8,14,495,0,3,4
پاسداران,47600000000,4,170,1403,3,1,1,1,213,280000000.0,1,510,1,3,4
هاشمی,2800000000,1,36,1390,1,1,1,1,203,77777777.78,14,36,0,2,1
سهروردی,7790000000,1,80,1382,2,0,1,1,120,97375000.0,22,160,0,2,2
مرزداران,20000000000,5,110,1396,2,1,1,1,185,181818181.8,8,220,1,3,3
نیاوران,50850000000,3,228,1397,3,1,1,1,200,223026315.8,7,684,0,3,5
دروس,35000000000,4,122,1403,3,1,1,1,90,286885245.9,1,366,1,3,3
پاسداران,58110000000,4,180,1403,3,1,1,1,213,322833333.3,1,540,1,3,4
کوی فردوس,7000000000,2,60,1403,1,1,1,1,229,116666666.7,1,60,0,2,2
دریاچه شهدای خلیج فارس,8860000000,9,119,1395,2,1,1,1,93,74453781.51,9,238,1,2,3
مرزداران,18900000000,4,127,1394,2,1,1,1,185,148818897.6,10,254,1,2,3
تهرانپارس غربی,14300000000,4,130,1396,3,1,1,1,46,110000000.0,8,390,1,2,3
فرمانیه,60000000000,2,260,1401,4,1,1,1,172,230769230.8,3,1040,0,3,5
نیاوران,19800000000,1,75,1400,2,1,1,1,200,264000000.0,4,150,0,3,2
پاسداران,50500000000,4,250,1403,3,1,1,1,213,202000000.0,1,750,1,3,5
خ بیست و چهارم,11900000000,4,76,1398,2,1,1,1,68,156578947.4,6,152,1,3,2
سازمان آب,8690000000,1,92,1398,2,1,1,1,108,94456521.74,6,184,0,2,2
عباس‌آباد,14600000000,4,125,1392,2,1,1,1,168,116800000.0,12,250,1,2,3
توحید,6000000000,1,56,1392,1,1,1,1,50,107142857.1,12,56,0,2,2
ونک,32500000000,3,130,1403,3,1,1,1,211,250000000.0,1,390,0,3,3
سازمان آب,8899000000,3,84,1391,2,1,1,1,108,105940476.2,13,168,0,2,2
شهران جنوبی,12700000000,4,114,1403,2,1,1,1,136,111403508.8,1,228,1,2,3
ارم,5100000000,3,55,1385,1,0,1,1,12,92727272.73,19,55,0,2,2
درب دوم,15500000000,3,115,1382,3,1,1,1,86,134782608.7,22,345,0,2,3
پاسداران,44400000000,3,170,1403,3,1,1,1,213,261176470.6,1,510,0,3,4
شهرآرا,6000000000,0,58,-1,2,0,1,1,135,103448275.9,1405,116,0,2,2
خاقانی,9100000000,2,72,1390,2,1,1,1,78,126388888.9,14,144,0,2,2
شهرآرا,7300000000,3,75,-1,2,0,1,1,135,97333333.33,1405,150,0,2,2
سهروردی,12300000000,6,72,1403,2,1,1,1,120,170833333.3,1,144,1,3,2
شهرک غرب,14050000000,2,96,1388,2,1,1,1,147,146354166.7,16,192,0,2,2
تجریش,14000000000,2,70,1396,2,1,1,0,43,200000000.0,8,140,0,3,2
شمس‌آباد,8500000000,5,100,1387,2,1,1,1,132,85000000.0,17,200,1,2,2
باغ فیض,6980000000,4,55,1390,1,1,1,1,35,126909090.9,14,55,1,2,2
شهرک نفت (منطقه ۵),5700000000,0,60,1383,1,0,1,0,148,95000000.0,21,60,0,2,2
تهران‌ویلا,17000000000,1,130,1396,3,1,1,1,49,130769230.8,8,390,0,2,3
سعادت‌آباد,31000000000,1,139,1397,3,1,1,1,114,223021582.7,7,417,0,3,3
نیلوفر,19000000000,4,115,1402,2,1,1,1,202,165217391.3,2,230,1,3,3
شادمهر,10000000000,5,80,1403,2,1,1,1,125,125000000.0,1,160,1,2,2
پاتریس لومومبا,17000000000,2,121,1396,2,1,1,1,212,140495867.8,8,242,0,2,3
جیحون,3100000000,2,43,1384,1,0,1,1,61,72093023.26,20,43,0,2,1
پونک,13500000000,1,78,1401,2,1,1,1,217,173076923.1,3,156,0,3,2
جیحون,4350000000,2,53,1393,1,1,1,1,61,82075471.7,11,53,0,2,2
امامزاده قاسم,28000000000,2,165,1390,3,0,1,1,23,169696969.7,14,495,0,3,4
آذربایجان,12000000000,4,112,1403,3,1,1,1,3,107142857.1,1,336,1,2,3
دریاچه شهدای خلیج فارس,8100000000,6,110,1397,2,1,1,1,93,73636363.64,7,220,1,2,3
شهرک راه‌آهن,16350000000,1,145,1403,3,1,1,1,142,112758620.7,1,435,0,2,3
سازمان برنامه,5900000000,1,59,1380,2,0,1,1,109,100000000.0,24,118,0,2,2
آذربایجان,7100000000,3,64,1402,1,1,1,1,3,110937500.0,2,64,0,2,2
سلسبیل,4400000000,4,47,1403,1,1,1,1,117,93617021.28,1,47,1,2,1
پونک,7350000000,1,50,1390,1,1,1,1,217,147000000.0,14,50,0,2,1
جنت‌آباد جنوبی,15500000000,4,95,1403,2,1,1,1,55,163157894.7,1,190,1,3,2
جنت‌آباد مرکزی,13100000000,3,116,1403,2,1,1,1,57,112931034.5,1,232,0,2,3
آجودانیه,33000000000,5,190,1387,3,1,1,1,2,173684210.5,17,570,1,3,4
پاسداران,22600000000,2,138,1385,3,1,1,1,213,163768115.9,19,414,0,3,3
اباذر,12800000000,3,105,1395,2,1,1,1,8,121904761.9,9,210,0,2,3
مدائن,9000000000,2,83,1382,2,1,1,1,184,108433734.9,22,166,0,2,2
هاشمی,3000000000,4,40,1390,1,1,1,0,203,75000000.0,14,40,1,2,1
دردشت,9000000000,3,73,1390,1,1,1,1,88,123287671.2,14,73,0,2,2
دزاشیب,42500000000,3,235,1385,4,1,1,1,94,180851063.8,19,940,0,3,5
پونک,5200000000,3,55,1387,1,0,1,1,217,94545454.55,17,55,0,2,2
دهکده المپیک,5850000000,3,63,1381,1,0,1,1,95,92857142.86,23,63,0,2,2
شریف,9900000000,4,140,1403,3,1,1,1,131,70714285.71,1,420,1,2,3
پاسداران,24000000000,3,110,1403,2,1,1,1,213,218181818.2,1,220,0,3,3
اختیاریه,23500000000,3,122,1396,2,1,1,1,10,192622950.8,8,244,0,3,3
قلهک,18000000000,3,90,1403,2,1,1,1,176,200000000.0,1,180,0,3,2
جنت‌آباد جنوبی,17200000000,4,137,1393,3,1,1,1,55,125547445.3,11,411,1,2,3
نیلوفر,12200000000,1,95,1389,2,1,1,1,202,128421052.6,15,190,0,2,2
نازی‌آباد,4000000000,2,50,1402,1,1,1,0,197,80000000.0,2,50,0,2,1
مدائن,14000000000,4,133,1387,3,1,1,1,184,105263157.9,17,399,1,2,3
جنت‌آباد مرکزی,4870000000,3,60,1383,1,0,1,1,57,81166666.67,21,60,0,2,2
جنت‌آباد شمالی,17000000000,3,138,1397,3,1,1,1,56,123188405.8,7,414,0,2,3
تهران‌سر,12000000000,4,102,1403,2,1,1,1,47,117647058.8,1,204,1,2,3
جنت‌آباد جنوبی,24200000000,3,153,1399,3,1,1,1,55,158169934.6,5,459,0,3,4
دریاچه شهدای خلیج فارس,15000000000,4,143,1400,3,1,1,1,93,104895104.9,4,429,1,2,3
سازمان برنامه,12600000000,1,102,1395,2,1,1,1,109,123529411.8,9,204,0,2,3
هروی,13200000000,3,120,1387,3,0,1,1,204,110000000.0,17,360,0,2,3
کرمان,11500000000,5,100,1403,2,1,1,1,224,115000000.0,1,200,1,2,2
شهرک ژاندارمری,16060000000,5,73,1404,1,1,1,1,152,220000000.0,0,73,1,3,2
دروس,68500000000,4,265,1394,4,1,1,1,90,258490566.0,10,1060,1,3,5
شهرک غرب,65500000000,7,195,1399,3,1,1,1,147,335897435.9,5,585,1,3,4
ستارخان,11000000000,4,88,1395,2,1,1,1,111,125000000.0,9,176,1,2,2
پاسداران,40000000000,2,155,1401,3,1,1,1,213,258064516.1,3,465,0,3,4
گیشا (کوی نصر),21000000000,3,135,1385,3,1,1,1,234,155555555.6,19,405,0,3,3
عباس‌آباد,14500000000,4,125,1392,2,1,1,1,168,116000000.0,12,250,1,2,3
سیدخندان,12000000000,5,95,1385,2,1,1,1,123,126315789.5,19,190,1,2,2
اقدسیه,61700000000,3,245,1396,3,1,1,1,18,251836734.7,8,735,0,3,5
سیدخندان,14000000000,1,115,1383,3,1,1,1,123,121739130.4,21,345,0,2,3
نیاوران,57000000000,4,180,1403,3,1,1,1,200,316666666.7,1,540,1,3,4
تهران‌سر,8150000000,8,109,1403,2,1,1,1,47,74770642.2,1,218,1,2,3
افسریه,11100000000,4,137,1403,3,1,1,0,17,81021897.81,1,411,1,2,3
سازمان برنامه,12300000000,3,90,1394,2,1,1,1,109,136666666.7,10,180,0,2,2
سیدخندان,13500000000,1,120,1383,3,1,1,1,123,112500000.0,21,360,0,2,3
جنت‌آباد مرکزی,9340000000,2,80,1393,2,1,1,1,57,116750000.0,11,160,0,2,2
نیلوفر,16000000000,5,110,1397,3,1,1,1,202,145454545.5,7,330,1,2,3
سیدخندان,12000000000,4,95,1383,2,1,1,1,123,126315789.5,21,190,1,2,2
فاطمی,10900000000,2,70,1403,2,1,1,1,169,155714285.7,1,140,0,3,2
سازمان برنامه,6190000000,1,50,1388,1,0,1,1,109,123800000.0,16,50,0,2,1
شهرآرا,6220000000,4,74,-1,2,0,1,1,135,84054054.05,1405,148,0,2,2
کوهک,7000000000,7,100,1403,2,1,1,1,227,70000000.0,1,200,1,2,2
جلفا,13800000000,1,101,1399,2,1,1,1,52,136633663.4,5,202,0,2,3
ولنجک,23900000000,2,110,1387,2,1,1,1,210,217272727.3,17,220,0,3,3
دربند,21000000000,2,157,1392,3,1,1,1,87,133757961.8,12,471,0,2,4
هروی,26350000000,2,200,1395,3,1,1,1,204,131750000.0,9,600,0,2,4
جیحون,3100000000,2,44,1383,1,0,1,1,61,70454545.45,21,44,0,2,1
دانشگاه شریف,4800000000,4,42,1400,1,1,1,1,84,114285714.3,4,42,1,2,1
ائمه اطهار,7708000000,1,82,1402,2,1,1,0,7,94000000.0,2,164,0,2,2
امیرآباد,12200000000,3,93,1388,2,1,1,1,26,131182795.7,16,186,0,2,2
ظفر,22000000000,0,200,1375,4,0,1,1,166,110000000.0,29,800,0,2,4
آسمان,16000000000,4,133,1380,3,0,1,1,5,120300751.9,24,399,0,2,3
سپهر,13980000000,2,95,1388,2,1,1,1,122,147157894.7,16,190,0,2,2
دروس,51000000000,4,270,1388,4,1,1,1,90,188888888.9,16,1080,1,3,5
پیروزی,10578000000,4,123,1402,3,1,1,1,218,86000000.0,2,369,1,2,3
شهران جنوبی,7000000000,3,55,1392,1,1,1,1,136,127272727.3,12,55,0,2,2
جنت‌آباد مرکزی,5150000000,3,56,1386,1,0,1,1,57,91964285.71,18,56,0,2,2
اقدسیه,18000000000,2,124,1390,2,1,1,1,18,145161290.3,14,248,0,2,3
هروی,9960000000,3,83,1403,2,1,1,1,204,120000000.0,1,166,0,2,2
جنت‌آباد جنوبی,13700000000,2,96,1403,2,1,1,1,55,142708333.3,1,192,0,2,2
اختیاریه,11800000000,4,55,1402,1,1,1,1,10,214545454.5,2,55,1,3,2
جنت‌آباد جنوبی,13700000000,5,105,1403,2,1,1,1,55,130476190.5,1,210,1,2,3
الهیه,35000000000,5,145,1385,3,1,1,1,20,241379310.3,19,435,1,3,3
اختیاریه,20500000000,2,140,1392,3,1,1,1,10,146428571.4,12,420,0,2,3
شادمهر,12650000000,3,110,1398,3,1,1,1,125,115000000.0,6,330,0,2,3
میرداماد,44000000000,3,202,1402,3,1,1,1,192,217821782.2,2,606,0,3,5
قلهک,10000000000,3,69,1397,2,1,1,1,176,144927536.2,7,138,0,2,2
استاد معین,5400000000,3,49,1403,1,1,1,1,14,110204081.6,1,49,0,2,1
باغ فیض,8900000000,2,94,1388,2,1,1,1,35,94680851.06,16,188,0,2,2
باغ فیض,9100000000,4,93,1383,2,1,1,1,35,97849462.37,21,186,1,2,2
ولنجک,55700000000,6,170,1402,3,1,1,1,210,327647058.8,2,510,1,3,4
باغ فیض,7000000000,4,78,1384,2,1,1,1,35,89743589.74,20,156,1,2,2
جنت‌آباد مرکزی,13600000000,5,109,1403,2,1,1,1,57,124770642.2,1,218,1,2,3
نارمک,5500000000,2,61,1387,2,1,1,1,195,90163934.43,17,122,0,2,2
آذربایجان,3550000000,0,47,1380,1,0,1,1,3,75531914.89,24,47,0,2,1
قیطریه,21000000000,4,110,1397,3,1,1,1,177,190909090.9,7,330,1,3,3
سعادت‌آباد,21600000000,2,127,1385,3,1,1,1,114,170078740.2,19,381,0,3,3
ایوانک,19800000000,5,110,1391,2,1,1,1,32,180000000.0,13,220,1,3,3
خ چهاردهم مرکزی,10500000000,3,80,1392,2,1,1,1,74,131250000.0,12,160,0,2,2
اقدسیه,42000000000,6,140,1403,2,1,1,1,18,300000000.0,1,280,1,3,3
ستارخان,12000000000,1,80,1392,2,1,1,1,111,150000000.0,12,160,0,3,2
جنت‌آباد جنوبی,17250000000,4,139,1389,3,1,1,1,55,124100719.4,15,417,1,2,3
سازمان برنامه,23000000000,4,155,1393,3,1,1,1,109,148387096.8,11,465,1,2,4
نیاوران,25000000000,2,126,1392,2,1,1,1,200,198412698.4,12,252,0,3,3
جمال‌زاده,5800000000,4,50,1404,1,1,1,1,53,116000000.0,0,50,1,2,1
پرستار,14514000000,3,118,1403,2,1,1,1,214,123000000.0,1,236,0,2,3
پونک,12500000000,3,87,1393,2,1,1,1,217,143678160.9,11,174,0,2,2
جردن,31000000000,3,258,1387,3,1,1,1,51,120155038.8,17,774,0,2,5
سعادت‌آباد,28500000000,2,132,1403,3,1,1,1,114,215909090.9,1,396,0,3,3
شیخ هادی,22500000000,0,300,1387,2,0,1,1,158,75000000.0,17,600,0,2,5
زاهد گیلانی,11254500000,5,123,1402,2,1,1,1,100,91500000.0,2,246,1,2,3
هفت حوض,23200000000,1,145,1403,3,1,1,1,205,160000000.0,1,435,0,3,3
جنت‌آباد مرکزی,12200000000,4,100,1390,2,1,1,1,57,122000000.0,14,200,1,2,2
سعادت‌آباد,44000000000,4,165,1390,3,1,1,1,114,266666666.7,14,495,1,3,4
هروی,24550000000,2,153,1392,3,1,1,1,204,160457516.3,12,459,0,3,4
جیحون,4550000000,2,59,1389,1,1,1,1,61,77118644.07,15,59,0,2,2
سهروردی,22650000000,2,132,1395,3,1,1,1,120,171590909.1,9,396,0,3,3
شهرک راه‌آهن,7600000000,15,95,1401,2,1,1,1,142,80000000.0,3,190,1,2,2
جلفا,12250000000,4,98,1388,2,1,1,1,52,125000000.0,16,196,1,2,2
دریاچه شهدای خلیج فارس,10700000000,8,125,1392,3,1,1,1,93,85600000.0,12,375,1,2,3
نیلوفر,20900000000,3,110,1400,2,1,1,1,202,190000000.0,4,220,0,3,3
منیریه,13300000000,5,102,1403,2,1,1,1,188,130392156.9,1,204,1,2,3
سهروردی,11285000000,3,61,1393,1,1,1,1,120,185000000.0,11,61,0,3,2
آسمان,13800000000,3,110,1389,3,1,1,1,5,125454545.5,15,330,0,2,3
هروی,16200000000,2,110,1401,2,1,1,1,204,147272727.3,3,220,0,2,3
یوسف‌آباد,18200000000,4,101,1403,2,1,1,1,236,180198019.8,1,202,1,3,3
سعادت‌آباد,14500000000,2,65,1398,1,1,1,1,114,223076923.1,6,65,0,3,2
باغ فیض,5450000000,0,33,1387,-1,1,1,0,35,165151515.2,17,-33,0,3,1
شهران جنوبی,7500000000,2,83,1387,2,0,1,1,136,90361445.78,17,166,0,2,2
سعادت‌آباد,17300000000,2,95,1389,2,1,1,1,114,182105263.2,15,190,0,3,2
شهران شمالی,5050505050,0,51,1383,1,0,1,1,137,99029510.78,21,51,0,2,2
پیروزی,4150000000,4,46,1401,1,1,1,1,218,90217391.3,3,46,1,2,1
سعادت‌آباد,27000000000,4,110,1403,2,1,1,1,114,245454545.5,1,220,1,3,3
جنت‌آباد مرکزی,9600000000,2,75,1392,2,1,1,1,57,128000000.0,12,150,0,2,2
سازمان برنامه,20350000000,3,138,1399,2,1,1,1,109,147463768.1,5,276,0,2,3
